-- Inserts de fornecedores

insert into fornecedores (pk_fornecedorID, nomeFornecedor, endereco, contato, avaliacao) values (1, 'Yabox', '1 Upham Hill', '849-147-1277', 1.4);
insert into fornecedores (pk_fornecedorID, nomeFornecedor, endereco, contato, avaliacao) values (2, 'Edgetag', '50244 Northwestern Place', '584-118-6687', 1.0);
insert into fornecedores (pk_fornecedorID, nomeFornecedor, endereco, contato, avaliacao) values (3, 'Gabtype', '40 Banding Drive', '747-344-1663', 3.6);
insert into fornecedores (pk_fornecedorID, nomeFornecedor, endereco, contato, avaliacao) values (4, 'Tagcat', '02950 Union Park', '250-937-7782', 1.9);
insert into fornecedores (pk_fornecedorID, nomeFornecedor, endereco, contato, avaliacao) values (5, 'Gabspot', '14 Meadow Vale Junction', '169-179-5978', 2.0);
insert into fornecedores (pk_fornecedorID, nomeFornecedor, endereco, contato, avaliacao) values (6, 'Quinu', '898 Prentice Pass', '388-144-0873', 4.1);
insert into fornecedores (pk_fornecedorID, nomeFornecedor, endereco, contato, avaliacao) values (7, 'Feedfish', '88 Oak Valley Center', '933-427-3285', 3.4);
insert into fornecedores (pk_fornecedorID, nomeFornecedor, endereco, contato, avaliacao) values (8, 'Trunyx', '794 Anderson Park', '414-655-0601', 4.7);
insert into fornecedores (pk_fornecedorID, nomeFornecedor, endereco, contato, avaliacao) values (9, 'Twitterbridge', '43717 Clove Parkway', '199-792-3158', 2.9);
insert into fornecedores (pk_fornecedorID, nomeFornecedor, endereco, contato, avaliacao) values (10, 'Fatz', '2 Southridge Drive', '256-691-7600', 2.2);
insert into fornecedores (pk_fornecedorID, nomeFornecedor, endereco, contato, avaliacao) values (11, 'Muxo', '5 Clove Junction', '656-354-2157', 3.1);
insert into fornecedores (pk_fornecedorID, nomeFornecedor, endereco, contato, avaliacao) values (12, 'Photobug', '02580 Bay Junction', '596-562-3421', 2.6);
insert into fornecedores (pk_fornecedorID, nomeFornecedor, endereco, contato, avaliacao) values (13, 'Skinte', '0 Melvin Avenue', '286-931-6307', 4.2);
insert into fornecedores (pk_fornecedorID, nomeFornecedor, endereco, contato, avaliacao) values (14, 'Oyoloo', '136 Shopko Way', '580-190-9273', 4.7);
insert into fornecedores (pk_fornecedorID, nomeFornecedor, endereco, contato, avaliacao) values (15, 'Twiyo', '19890 Sage Trail', '457-122-7720', 2.6);
insert into fornecedores (pk_fornecedorID, nomeFornecedor, endereco, contato, avaliacao) values (16, 'Zoomlounge', '88 Troy Park', '806-607-5257', 3.2);
insert into fornecedores (pk_fornecedorID, nomeFornecedor, endereco, contato, avaliacao) values (17, 'Jaloo', '75 Hazelcrest Lane', '966-913-1686', 2.2);
insert into fornecedores (pk_fornecedorID, nomeFornecedor, endereco, contato, avaliacao) values (18, 'Buzzster', '43057 Johnson Crossing', '530-463-7436', 2.4);
insert into fornecedores (pk_fornecedorID, nomeFornecedor, endereco, contato, avaliacao) values (19, 'Wikibox', '1549 Tomscot Parkway', '262-333-0434', 4.2);
insert into fornecedores (pk_fornecedorID, nomeFornecedor, endereco, contato, avaliacao) values (20, 'Kare', '99 Debra Alley', '643-108-8523', 1.1);

-- INSERTS de materias primas

insert into materiasPrimas  (pk_materiaID, descricaoMateria, fk_fornecedor, quantidadeEstoque, dataUltimaCompra ) values (1, 'steal', 12, 9, '2023-10-20');
insert into materiasPrimas  (pk_materiaID, descricaoMateria, fk_fornecedor, quantidadeEstoque, dataUltimaCompra ) values (2, 'aluminium', 10, 45, '2023-12-18');
insert into materiasPrimas  (pk_materiaID, descricaoMateria, fk_fornecedor, quantidadeEstoque, dataUltimaCompra ) values (3, 'copper', 6, 15, '2022-11-21');
insert into materiasPrimas  (pk_materiaID, descricaoMateria, fk_fornecedor, quantidadeEstoque, dataUltimaCompra ) values (4, 'iron', 9, 6, '2023-07-16');

-- INSERTS de peças

insert into pecas (pk_pecaID, descricaoPeca, fk_material, peso, dimensoes) values (1, 'metal connectors', 2, '5kg', '10mm');
insert into pecas (pk_pecaID, descricaoPeca, fk_material, peso, dimensoes) values (2, 'screws', 4, '60g', '10mm');
insert into pecas (pk_pecaID, descricaoPeca, fk_material, peso, dimensoes) values (3, 'piston', 2, '3g', '60cm');
insert into pecas (pk_pecaID, descricaoPeca, fk_material, peso, dimensoes) values (4, 'screws', 3, '2kg', '5cm');
insert into pecas (pk_pecaID, descricaoPeca, fk_material, peso, dimensoes) values (5, 'metal connectors', 3, '60g', '10mm');
insert into pecas (pk_pecaID, descricaoPeca, fk_material, peso, dimensoes) values (6, 'metal connectors', 1, '1kg', '10mm');
insert into pecas (pk_pecaID, descricaoPeca, fk_material, peso, dimensoes) values (7, 'valves', 3, '2kg', '60cm');
insert into pecas (pk_pecaID, descricaoPeca, fk_material, peso, dimensoes) values (8, 'piston', 2, '30g', '1m');
insert into pecas (pk_pecaID, descricaoPeca, fk_material, peso, dimensoes) values (9, 'piston', 4, '5kg', '5cm');
insert into pecas (pk_pecaID, descricaoPeca, fk_material, peso, dimensoes) values (10, 'bearings', 4, '30g', '5cm');
insert into pecas (pk_pecaID, descricaoPeca, fk_material, peso, dimensoes) values (11, 'piston', 1, '30g', '10cm');
insert into pecas (pk_pecaID, descricaoPeca, fk_material, peso, dimensoes) values (12, 'piston', 1, '30g', '1m');
insert into pecas (pk_pecaID, descricaoPeca, fk_material, peso, dimensoes) values (13, 'propellers', 4, '2kg', '2cm');
insert into pecas (pk_pecaID, descricaoPeca, fk_material, peso, dimensoes) values (14, 'screws', 3, '1kg', '10mm');
insert into pecas (pk_pecaID, descricaoPeca, fk_material, peso, dimensoes) values (15, 'propellers', 1, '60g', '2cm');
insert into pecas (pk_pecaID, descricaoPeca, fk_material, peso, dimensoes) values (16, 'piston', 3, '5kg', '10mm');
insert into pecas (pk_pecaID, descricaoPeca, fk_material, peso, dimensoes) values (17, 'metal connectors', 4, '5kg', '60cm');
insert into pecas (pk_pecaID, descricaoPeca, fk_material, peso, dimensoes) values (18, 'valves', 4, '2kg', '10cm');
insert into pecas (pk_pecaID, descricaoPeca, fk_material, peso, dimensoes) values (19, 'gear', 2, '30g', '10cm');
insert into pecas (pk_pecaID, descricaoPeca, fk_material, peso, dimensoes) values (20, 'wires', 2, '5kg', '1m');
insert into pecas (pk_pecaID, descricaoPeca, fk_material, peso, dimensoes) values (21, 'springs', 1, '5kg', '5cm');
insert into pecas (pk_pecaID, descricaoPeca, fk_material, peso, dimensoes) values (22, 'gear', 3, '3g', '2cm');
insert into pecas (pk_pecaID, descricaoPeca, fk_material, peso, dimensoes) values (23, 'screws', 3, '1kg', '1m');
insert into pecas (pk_pecaID, descricaoPeca, fk_material, peso, dimensoes) values (24, 'gear', 3, '1kg', '1m');
insert into pecas (pk_pecaID, descricaoPeca, fk_material, peso, dimensoes) values (25, 'springs', 1, '10g', '10cm');
insert into pecas (pk_pecaID, descricaoPeca, fk_material, peso, dimensoes) values (26, 'metal connectors', 4, '3g', '1m');
insert into pecas (pk_pecaID, descricaoPeca, fk_material, peso, dimensoes) values (27, 'gear', 2, '5kg', '30mm');
insert into pecas (pk_pecaID, descricaoPeca, fk_material, peso, dimensoes) values (28, 'piston', 2, '3g', '1m');
insert into pecas (pk_pecaID, descricaoPeca, fk_material, peso, dimensoes) values (29, 'screws', 4, '10g', '2cm');
insert into pecas (pk_pecaID, descricaoPeca, fk_material, peso, dimensoes) values (30, 'screws', 3, '1kg', '5cm');
insert into pecas (pk_pecaID, descricaoPeca, fk_material, peso, dimensoes) values (31, 'gear', 2, '10g', '10cm');
insert into pecas (pk_pecaID, descricaoPeca, fk_material, peso, dimensoes) values (32, 'piston', 4, '1kg', '10mm');
insert into pecas (pk_pecaID, descricaoPeca, fk_material, peso, dimensoes) values (33, 'springs', 3, '10g', '10cm');
insert into pecas (pk_pecaID, descricaoPeca, fk_material, peso, dimensoes) values (34, 'springs', 2, '5kg', '60cm');
insert into pecas (pk_pecaID, descricaoPeca, fk_material, peso, dimensoes) values (35, 'valves', 4, '30g', '60cm');
insert into pecas (pk_pecaID, descricaoPeca, fk_material, peso, dimensoes) values (36, 'valves', 4, '60g', '5cm');
insert into pecas (pk_pecaID, descricaoPeca, fk_material, peso, dimensoes) values (37, 'axle', 3, '1kg', '30mm');
insert into pecas (pk_pecaID, descricaoPeca, fk_material, peso, dimensoes) values (38, 'metal connectors', 1, '2kg', '10mm');
insert into pecas (pk_pecaID, descricaoPeca, fk_material, peso, dimensoes) values (39, 'piston', 2, '3g', '2cm');
insert into pecas (pk_pecaID, descricaoPeca, fk_material, peso, dimensoes) values (40, 'wires', 1, '30g', '2cm');
insert into pecas (pk_pecaID, descricaoPeca, fk_material, peso, dimensoes) values (41, 'axle', 1, '30g', '5cm');
insert into pecas (pk_pecaID, descricaoPeca, fk_material, peso, dimensoes) values (42, 'wires', 1, '60g', '30mm');
insert into pecas (pk_pecaID, descricaoPeca, fk_material, peso, dimensoes) values (43, 'axle', 3, '2kg', '1m');
insert into pecas (pk_pecaID, descricaoPeca, fk_material, peso, dimensoes) values (44, 'screws', 1, '2kg', '2cm');
insert into pecas (pk_pecaID, descricaoPeca, fk_material, peso, dimensoes) values (45, 'screws', 2, '3g', '10mm');
insert into pecas (pk_pecaID, descricaoPeca, fk_material, peso, dimensoes) values (46, 'screws', 1, '60g', '2cm');
insert into pecas (pk_pecaID, descricaoPeca, fk_material, peso, dimensoes) values (47, 'axle', 4, '60g', '30mm');
insert into pecas (pk_pecaID, descricaoPeca, fk_material, peso, dimensoes) values (48, 'piston', 4, '5kg', '2cm');
insert into pecas (pk_pecaID, descricaoPeca, fk_material, peso, dimensoes) values (49, 'piston', 2, '1kg', '1m');
insert into pecas (pk_pecaID, descricaoPeca, fk_material, peso, dimensoes) values (50, 'gear', 3, '30g', '10mm');
insert into pecas (pk_pecaID, descricaoPeca, fk_material, peso, dimensoes) values (51, 'piston', 4, '1kg', '1m');
insert into pecas (pk_pecaID, descricaoPeca, fk_material, peso, dimensoes) values (52, 'springs', 4, '30g', '1m');
insert into pecas (pk_pecaID, descricaoPeca, fk_material, peso, dimensoes) values (53, 'screws', 1, '1kg', '2cm');
insert into pecas (pk_pecaID, descricaoPeca, fk_material, peso, dimensoes) values (54, 'screws', 3, '1kg', '1m');
insert into pecas (pk_pecaID, descricaoPeca, fk_material, peso, dimensoes) values (55, 'valves', 4, '5kg', '10cm');
insert into pecas (pk_pecaID, descricaoPeca, fk_material, peso, dimensoes) values (56, 'bearings', 3, '60g', '2cm');
insert into pecas (pk_pecaID, descricaoPeca, fk_material, peso, dimensoes) values (57, 'bearings', 1, '2kg', '5cm');
insert into pecas (pk_pecaID, descricaoPeca, fk_material, peso, dimensoes) values (58, 'metal connectors', 2, '60g', '1m');
insert into pecas (pk_pecaID, descricaoPeca, fk_material, peso, dimensoes) values (59, 'screws', 3, '2kg', '10mm');
insert into pecas (pk_pecaID, descricaoPeca, fk_material, peso, dimensoes) values (60, 'axle', 3, '5kg', '1m');
insert into pecas (pk_pecaID, descricaoPeca, fk_material, peso, dimensoes) values (61, 'gear', 3, '60g', '1m');
insert into pecas (pk_pecaID, descricaoPeca, fk_material, peso, dimensoes) values (62, 'piston', 3, '30g', '5cm');
insert into pecas (pk_pecaID, descricaoPeca, fk_material, peso, dimensoes) values (63, 'springs', 2, '60g', '1m');
insert into pecas (pk_pecaID, descricaoPeca, fk_material, peso, dimensoes) values (64, 'screws', 4, '2kg', '10cm');
insert into pecas (pk_pecaID, descricaoPeca, fk_material, peso, dimensoes) values (65, 'springs', 2, '5kg', '60cm');
insert into pecas (pk_pecaID, descricaoPeca, fk_material, peso, dimensoes) values (66, 'axle', 4, '10g', '5cm');
insert into pecas (pk_pecaID, descricaoPeca, fk_material, peso, dimensoes) values (67, 'gear', 4, '10g', '10cm');
insert into pecas (pk_pecaID, descricaoPeca, fk_material, peso, dimensoes) values (68, 'springs', 1, '1kg', '10cm');
insert into pecas (pk_pecaID, descricaoPeca, fk_material, peso, dimensoes) values (69, 'bearings', 4, '30g', '30mm');
insert into pecas (pk_pecaID, descricaoPeca, fk_material, peso, dimensoes) values (70, 'bearings', 1, '3g', '2cm');
insert into pecas (pk_pecaID, descricaoPeca, fk_material, peso, dimensoes) values (71, 'valves', 2, '3g', '2cm');
insert into pecas (pk_pecaID, descricaoPeca, fk_material, peso, dimensoes) values (72, 'axle', 4, '3g', '10cm');
insert into pecas (pk_pecaID, descricaoPeca, fk_material, peso, dimensoes) values (73, 'piston', 3, '5kg', '10cm');
insert into pecas (pk_pecaID, descricaoPeca, fk_material, peso, dimensoes) values (74, 'valves', 2, '5kg', '10cm');
insert into pecas (pk_pecaID, descricaoPeca, fk_material, peso, dimensoes) values (75, 'axle', 3, '30g', '10cm');
insert into pecas (pk_pecaID, descricaoPeca, fk_material, peso, dimensoes) values (76, 'gear', 4, '2kg', '5cm');
insert into pecas (pk_pecaID, descricaoPeca, fk_material, peso, dimensoes) values (77, 'gear', 2, '5kg', '5cm');
insert into pecas (pk_pecaID, descricaoPeca, fk_material, peso, dimensoes) values (78, 'propellers', 3, '60g', '5cm');
insert into pecas (pk_pecaID, descricaoPeca, fk_material, peso, dimensoes) values (79, 'piston', 4, '3g', '5cm');
insert into pecas (pk_pecaID, descricaoPeca, fk_material, peso, dimensoes) values (80, 'propellers', 3, '60g', '5cm');
insert into pecas (pk_pecaID, descricaoPeca, fk_material, peso, dimensoes) values (81, 'valves', 2, '1kg', '2cm');
insert into pecas (pk_pecaID, descricaoPeca, fk_material, peso, dimensoes) values (82, 'gear', 1, '30g', '5cm');
insert into pecas (pk_pecaID, descricaoPeca, fk_material, peso, dimensoes) values (83, 'piston', 2, '3g', '2cm');
insert into pecas (pk_pecaID, descricaoPeca, fk_material, peso, dimensoes) values (84, 'gear', 3, '30g', '10cm');
insert into pecas (pk_pecaID, descricaoPeca, fk_material, peso, dimensoes) values (85, 'wires', 3, '30g', '60cm');
insert into pecas (pk_pecaID, descricaoPeca, fk_material, peso, dimensoes) values (86, 'gear', 2, '1kg', '10mm');
insert into pecas (pk_pecaID, descricaoPeca, fk_material, peso, dimensoes) values (87, 'metal connectors', 4, '10g', '10cm');
insert into pecas (pk_pecaID, descricaoPeca, fk_material, peso, dimensoes) values (88, 'propellers', 3, '30g', '30mm');
insert into pecas (pk_pecaID, descricaoPeca, fk_material, peso, dimensoes) values (89, 'metal connectors', 2, '5kg', '5cm');
insert into pecas (pk_pecaID, descricaoPeca, fk_material, peso, dimensoes) values (90, 'propellers', 4, '3g', '30mm');
insert into pecas (pk_pecaID, descricaoPeca, fk_material, peso, dimensoes) values (91, 'bearings', 2, '1kg', '10cm');
insert into pecas (pk_pecaID, descricaoPeca, fk_material, peso, dimensoes) values (92, 'bearings', 2, '5kg', '2cm');
insert into pecas (pk_pecaID, descricaoPeca, fk_material, peso, dimensoes) values (93, 'wires', 4, '30g', '60cm');
insert into pecas (pk_pecaID, descricaoPeca, fk_material, peso, dimensoes) values (94, 'axle', 4, '3g', '5cm');
insert into pecas (pk_pecaID, descricaoPeca, fk_material, peso, dimensoes) values (95, 'springs', 4, '10g', '1m');
insert into pecas (pk_pecaID, descricaoPeca, fk_material, peso, dimensoes) values (96, 'wires', 2, '3g', '30mm');
insert into pecas (pk_pecaID, descricaoPeca, fk_material, peso, dimensoes) values (97, 'valves', 1, '5kg', '30mm');
insert into pecas (pk_pecaID, descricaoPeca, fk_material, peso, dimensoes) values (98, 'valves', 1, '60g', '30mm');
insert into pecas (pk_pecaID, descricaoPeca, fk_material, peso, dimensoes) values (99, 'bearings', 1, '5kg', '30mm');
insert into pecas (pk_pecaID, descricaoPeca, fk_material, peso, dimensoes) values (100, 'gear', 2, '30g', '10cm');
insert into pecas (pk_pecaID, descricaoPeca, fk_material, peso, dimensoes) values (101, 'axle', 4, '2kg', '5cm');
insert into pecas (pk_pecaID, descricaoPeca, fk_material, peso, dimensoes) values (102, 'propellers', 1, '30g', '10cm');
insert into pecas (pk_pecaID, descricaoPeca, fk_material, peso, dimensoes) values (103, 'gear', 4, '5kg', '2cm');
insert into pecas (pk_pecaID, descricaoPeca, fk_material, peso, dimensoes) values (104, 'screws', 3, '60g', '10cm');
insert into pecas (pk_pecaID, descricaoPeca, fk_material, peso, dimensoes) values (105, 'screws', 2, '60g', '5cm');
insert into pecas (pk_pecaID, descricaoPeca, fk_material, peso, dimensoes) values (106, 'screws', 1, '30g', '2cm');
insert into pecas (pk_pecaID, descricaoPeca, fk_material, peso, dimensoes) values (107, 'springs', 1, '3g', '60cm');
insert into pecas (pk_pecaID, descricaoPeca, fk_material, peso, dimensoes) values (108, 'springs', 4, '5kg', '1m');
insert into pecas (pk_pecaID, descricaoPeca, fk_material, peso, dimensoes) values (109, 'bearings', 3, '2kg', '30mm');
insert into pecas (pk_pecaID, descricaoPeca, fk_material, peso, dimensoes) values (110, 'valves', 1, '60g', '1m');
insert into pecas (pk_pecaID, descricaoPeca, fk_material, peso, dimensoes) values (111, 'axle', 2, '2kg', '1m');
insert into pecas (pk_pecaID, descricaoPeca, fk_material, peso, dimensoes) values (112, 'axle', 4, '60g', '10mm');
insert into pecas (pk_pecaID, descricaoPeca, fk_material, peso, dimensoes) values (113, 'piston', 1, '30g', '10mm');
insert into pecas (pk_pecaID, descricaoPeca, fk_material, peso, dimensoes) values (114, 'piston', 1, '10g', '10mm');
insert into pecas (pk_pecaID, descricaoPeca, fk_material, peso, dimensoes) values (115, 'valves', 2, '2kg', '10mm');
insert into pecas (pk_pecaID, descricaoPeca, fk_material, peso, dimensoes) values (116, 'screws', 3, '3g', '1m');
insert into pecas (pk_pecaID, descricaoPeca, fk_material, peso, dimensoes) values (117, 'metal connectors', 1, '1kg', '10cm');
insert into pecas (pk_pecaID, descricaoPeca, fk_material, peso, dimensoes) values (118, 'gear', 3, '2kg', '10mm');
insert into pecas (pk_pecaID, descricaoPeca, fk_material, peso, dimensoes) values (119, 'springs', 1, '3g', '2cm');
insert into pecas (pk_pecaID, descricaoPeca, fk_material, peso, dimensoes) values (120, 'gear', 1, '30g', '10cm');
insert into pecas (pk_pecaID, descricaoPeca, fk_material, peso, dimensoes) values (121, 'piston', 4, '60g', '2cm');
insert into pecas (pk_pecaID, descricaoPeca, fk_material, peso, dimensoes) values (122, 'valves', 1, '10g', '2cm');
insert into pecas (pk_pecaID, descricaoPeca, fk_material, peso, dimensoes) values (123, 'valves', 2, '5kg', '60cm');
insert into pecas (pk_pecaID, descricaoPeca, fk_material, peso, dimensoes) values (124, 'metal connectors', 4, '2kg', '5cm');
insert into pecas (pk_pecaID, descricaoPeca, fk_material, peso, dimensoes) values (125, 'axle', 2, '10g', '30mm');
insert into pecas (pk_pecaID, descricaoPeca, fk_material, peso, dimensoes) values (126, 'screws', 4, '5kg', '10cm');
insert into pecas (pk_pecaID, descricaoPeca, fk_material, peso, dimensoes) values (127, 'valves', 3, '5kg', '60cm');
insert into pecas (pk_pecaID, descricaoPeca, fk_material, peso, dimensoes) values (128, 'wires', 4, '5kg', '10cm');
insert into pecas (pk_pecaID, descricaoPeca, fk_material, peso, dimensoes) values (129, 'springs', 2, '10g', '30mm');
insert into pecas (pk_pecaID, descricaoPeca, fk_material, peso, dimensoes) values (130, 'valves', 2, '10g', '10cm');
insert into pecas (pk_pecaID, descricaoPeca, fk_material, peso, dimensoes) values (131, 'wires', 4, '30g', '30mm');
insert into pecas (pk_pecaID, descricaoPeca, fk_material, peso, dimensoes) values (132, 'gear', 3, '1kg', '1m');
insert into pecas (pk_pecaID, descricaoPeca, fk_material, peso, dimensoes) values (133, 'metal connectors', 1, '60g', '1m');
insert into pecas (pk_pecaID, descricaoPeca, fk_material, peso, dimensoes) values (134, 'screws', 3, '10g', '30mm');
insert into pecas (pk_pecaID, descricaoPeca, fk_material, peso, dimensoes) values (135, 'metal connectors', 2, '3g', '60cm');
insert into pecas (pk_pecaID, descricaoPeca, fk_material, peso, dimensoes) values (136, 'gear', 4, '30g', '10cm');
insert into pecas (pk_pecaID, descricaoPeca, fk_material, peso, dimensoes) values (137, 'propellers', 1, '30g', '10cm');
insert into pecas (pk_pecaID, descricaoPeca, fk_material, peso, dimensoes) values (138, 'piston', 4, '1kg', '10cm');
insert into pecas (pk_pecaID, descricaoPeca, fk_material, peso, dimensoes) values (139, 'piston', 4, '3g', '10cm');
insert into pecas (pk_pecaID, descricaoPeca, fk_material, peso, dimensoes) values (140, 'wires', 4, '10g', '10cm');
insert into pecas (pk_pecaID, descricaoPeca, fk_material, peso, dimensoes) values (141, 'screws', 2, '30g', '60cm');
insert into pecas (pk_pecaID, descricaoPeca, fk_material, peso, dimensoes) values (142, 'axle', 4, '2kg', '10cm');
insert into pecas (pk_pecaID, descricaoPeca, fk_material, peso, dimensoes) values (143, 'axle', 2, '60g', '30mm');
insert into pecas (pk_pecaID, descricaoPeca, fk_material, peso, dimensoes) values (144, 'gear', 2, '5kg', '2cm');
insert into pecas (pk_pecaID, descricaoPeca, fk_material, peso, dimensoes) values (145, 'screws', 4, '1kg', '10cm');
insert into pecas (pk_pecaID, descricaoPeca, fk_material, peso, dimensoes) values (146, 'gear', 4, '10g', '10cm');
insert into pecas (pk_pecaID, descricaoPeca, fk_material, peso, dimensoes) values (147, 'metal connectors', 3, '2kg', '5cm');
insert into pecas (pk_pecaID, descricaoPeca, fk_material, peso, dimensoes) values (148, 'propellers', 4, '10g', '10mm');
insert into pecas (pk_pecaID, descricaoPeca, fk_material, peso, dimensoes) values (149, 'bearings', 2, '30g', '2cm');
insert into pecas (pk_pecaID, descricaoPeca, fk_material, peso, dimensoes) values (150, 'piston', 3, '30g', '1m');
insert into pecas (pk_pecaID, descricaoPeca, fk_material, peso, dimensoes) values (151, 'springs', 2, '3g', '10mm');
insert into pecas (pk_pecaID, descricaoPeca, fk_material, peso, dimensoes) values (152, 'propellers', 1, '3g', '1m');
insert into pecas (pk_pecaID, descricaoPeca, fk_material, peso, dimensoes) values (153, 'piston', 1, '3g', '1m');
insert into pecas (pk_pecaID, descricaoPeca, fk_material, peso, dimensoes) values (154, 'axle', 4, '10g', '30mm');
insert into pecas (pk_pecaID, descricaoPeca, fk_material, peso, dimensoes) values (155, 'gear', 1, '10g', '10mm');
insert into pecas (pk_pecaID, descricaoPeca, fk_material, peso, dimensoes) values (156, 'bearings', 4, '3g', '60cm');
insert into pecas (pk_pecaID, descricaoPeca, fk_material, peso, dimensoes) values (157, 'valves', 2, '1kg', '10mm');
insert into pecas (pk_pecaID, descricaoPeca, fk_material, peso, dimensoes) values (158, 'springs', 4, '5kg', '60cm');
insert into pecas (pk_pecaID, descricaoPeca, fk_material, peso, dimensoes) values (159, 'propellers', 1, '30g', '1m');
insert into pecas (pk_pecaID, descricaoPeca, fk_material, peso, dimensoes) values (160, 'springs', 2, '1kg', '2cm');
insert into pecas (pk_pecaID, descricaoPeca, fk_material, peso, dimensoes) values (161, 'springs', 3, '1kg', '2cm');
insert into pecas (pk_pecaID, descricaoPeca, fk_material, peso, dimensoes) values (162, 'metal connectors', 2, '2kg', '30mm');
insert into pecas (pk_pecaID, descricaoPeca, fk_material, peso, dimensoes) values (163, 'propellers', 4, '2kg', '5cm');
insert into pecas (pk_pecaID, descricaoPeca, fk_material, peso, dimensoes) values (164, 'metal connectors', 2, '10g', '30mm');
insert into pecas (pk_pecaID, descricaoPeca, fk_material, peso, dimensoes) values (165, 'wires', 4, '60g', '60cm');
insert into pecas (pk_pecaID, descricaoPeca, fk_material, peso, dimensoes) values (166, 'springs', 4, '60g', '30mm');
insert into pecas (pk_pecaID, descricaoPeca, fk_material, peso, dimensoes) values (167, 'valves', 3, '30g', '2cm');
insert into pecas (pk_pecaID, descricaoPeca, fk_material, peso, dimensoes) values (168, 'piston', 3, '10g', '10cm');
insert into pecas (pk_pecaID, descricaoPeca, fk_material, peso, dimensoes) values (169, 'gear', 4, '2kg', '2cm');
insert into pecas (pk_pecaID, descricaoPeca, fk_material, peso, dimensoes) values (170, 'axle', 2, '1kg', '5cm');
insert into pecas (pk_pecaID, descricaoPeca, fk_material, peso, dimensoes) values (171, 'bearings', 1, '10g', '5cm');
insert into pecas (pk_pecaID, descricaoPeca, fk_material, peso, dimensoes) values (172, 'axle', 3, '5kg', '5cm');
insert into pecas (pk_pecaID, descricaoPeca, fk_material, peso, dimensoes) values (173, 'screws', 4, '60g', '60cm');
insert into pecas (pk_pecaID, descricaoPeca, fk_material, peso, dimensoes) values (174, 'metal connectors', 1, '10g', '10mm');
insert into pecas (pk_pecaID, descricaoPeca, fk_material, peso, dimensoes) values (175, 'wires', 3, '5kg', '2cm');
insert into pecas (pk_pecaID, descricaoPeca, fk_material, peso, dimensoes) values (176, 'valves', 1, '5kg', '30mm');
insert into pecas (pk_pecaID, descricaoPeca, fk_material, peso, dimensoes) values (177, 'gear', 3, '30g', '1m');
insert into pecas (pk_pecaID, descricaoPeca, fk_material, peso, dimensoes) values (178, 'bearings', 4, '60g', '1m');
insert into pecas (pk_pecaID, descricaoPeca, fk_material, peso, dimensoes) values (179, 'gear', 3, '10g', '2cm');
insert into pecas (pk_pecaID, descricaoPeca, fk_material, peso, dimensoes) values (180, 'propellers', 3, '3g', '60cm');
insert into pecas (pk_pecaID, descricaoPeca, fk_material, peso, dimensoes) values (181, 'axle', 3, '2kg', '10cm');
insert into pecas (pk_pecaID, descricaoPeca, fk_material, peso, dimensoes) values (182, 'axle', 3, '30g', '5cm');
insert into pecas (pk_pecaID, descricaoPeca, fk_material, peso, dimensoes) values (183, 'wires', 1, '5kg', '10cm');
insert into pecas (pk_pecaID, descricaoPeca, fk_material, peso, dimensoes) values (184, 'axle', 4, '10g', '60cm');
insert into pecas (pk_pecaID, descricaoPeca, fk_material, peso, dimensoes) values (185, 'bearings', 2, '60g', '5cm');
insert into pecas (pk_pecaID, descricaoPeca, fk_material, peso, dimensoes) values (186, 'wires', 3, '5kg', '2cm');
insert into pecas (pk_pecaID, descricaoPeca, fk_material, peso, dimensoes) values (187, 'gear', 2, '3g', '10cm');
insert into pecas (pk_pecaID, descricaoPeca, fk_material, peso, dimensoes) values (188, 'gear', 2, '5kg', '1m');
insert into pecas (pk_pecaID, descricaoPeca, fk_material, peso, dimensoes) values (189, 'axle', 3, '1kg', '30mm');
insert into pecas (pk_pecaID, descricaoPeca, fk_material, peso, dimensoes) values (190, 'bearings', 4, '10g', '1m');
insert into pecas (pk_pecaID, descricaoPeca, fk_material, peso, dimensoes) values (191, 'gear', 2, '5kg', '10cm');
insert into pecas (pk_pecaID, descricaoPeca, fk_material, peso, dimensoes) values (192, 'gear', 2, '10g', '5cm');
insert into pecas (pk_pecaID, descricaoPeca, fk_material, peso, dimensoes) values (193, 'screws', 2, '1kg', '1m');
insert into pecas (pk_pecaID, descricaoPeca, fk_material, peso, dimensoes) values (194, 'wires', 3, '60g', '1m');
insert into pecas (pk_pecaID, descricaoPeca, fk_material, peso, dimensoes) values (195, 'screws', 3, '2kg', '5cm');
insert into pecas (pk_pecaID, descricaoPeca, fk_material, peso, dimensoes) values (196, 'axle', 3, '3g', '1m');
insert into pecas (pk_pecaID, descricaoPeca, fk_material, peso, dimensoes) values (197, 'propellers', 2, '30g', '1m');
insert into pecas (pk_pecaID, descricaoPeca, fk_material, peso, dimensoes) values (198, 'springs', 1, '30g', '10cm');
insert into pecas (pk_pecaID, descricaoPeca, fk_material, peso, dimensoes) values (199, 'springs', 1, '10g', '60cm');
insert into pecas (pk_pecaID, descricaoPeca, fk_material, peso, dimensoes) values (200, 'valves', 3, '2kg', '1m');
insert into pecas (pk_pecaID, descricaoPeca, fk_material, peso, dimensoes) values (201, 'gear', 3, '30g', '1m');
insert into pecas (pk_pecaID, descricaoPeca, fk_material, peso, dimensoes) values (202, 'axle', 3, '60g', '5cm');
insert into pecas (pk_pecaID, descricaoPeca, fk_material, peso, dimensoes) values (203, 'valves', 2, '10g', '10mm');
insert into pecas (pk_pecaID, descricaoPeca, fk_material, peso, dimensoes) values (204, 'wires', 1, '30g', '2cm');
insert into pecas (pk_pecaID, descricaoPeca, fk_material, peso, dimensoes) values (205, 'piston', 3, '2kg', '30mm');
insert into pecas (pk_pecaID, descricaoPeca, fk_material, peso, dimensoes) values (206, 'bearings', 2, '5kg', '30mm');
insert into pecas (pk_pecaID, descricaoPeca, fk_material, peso, dimensoes) values (207, 'metal connectors', 1, '30g', '10mm');
insert into pecas (pk_pecaID, descricaoPeca, fk_material, peso, dimensoes) values (208, 'valves', 4, '10g', '1m');
insert into pecas (pk_pecaID, descricaoPeca, fk_material, peso, dimensoes) values (209, 'bearings', 4, '1kg', '10cm');
insert into pecas (pk_pecaID, descricaoPeca, fk_material, peso, dimensoes) values (210, 'wires', 2, '60g', '10cm');
insert into pecas (pk_pecaID, descricaoPeca, fk_material, peso, dimensoes) values (211, 'metal connectors', 1, '60g', '60cm');
insert into pecas (pk_pecaID, descricaoPeca, fk_material, peso, dimensoes) values (212, 'gear', 3, '3g', '1m');
insert into pecas (pk_pecaID, descricaoPeca, fk_material, peso, dimensoes) values (213, 'axle', 2, '10g', '5cm');
insert into pecas (pk_pecaID, descricaoPeca, fk_material, peso, dimensoes) values (214, 'axle', 1, '1kg', '30mm');
insert into pecas (pk_pecaID, descricaoPeca, fk_material, peso, dimensoes) values (215, 'piston', 4, '2kg', '1m');
insert into pecas (pk_pecaID, descricaoPeca, fk_material, peso, dimensoes) values (216, 'axle', 3, '3g', '60cm');
insert into pecas (pk_pecaID, descricaoPeca, fk_material, peso, dimensoes) values (217, 'axle', 3, '10g', '30mm');
insert into pecas (pk_pecaID, descricaoPeca, fk_material, peso, dimensoes) values (218, 'piston', 2, '2kg', '10mm');
insert into pecas (pk_pecaID, descricaoPeca, fk_material, peso, dimensoes) values (219, 'wires', 4, '30g', '5cm');
insert into pecas (pk_pecaID, descricaoPeca, fk_material, peso, dimensoes) values (220, 'piston', 1, '60g', '1m');
insert into pecas (pk_pecaID, descricaoPeca, fk_material, peso, dimensoes) values (221, 'propellers', 1, '5kg', '60cm');
insert into pecas (pk_pecaID, descricaoPeca, fk_material, peso, dimensoes) values (222, 'piston', 4, '2kg', '30mm');
insert into pecas (pk_pecaID, descricaoPeca, fk_material, peso, dimensoes) values (223, 'piston', 4, '1kg', '2cm');
insert into pecas (pk_pecaID, descricaoPeca, fk_material, peso, dimensoes) values (224, 'screws', 1, '2kg', '10mm');
insert into pecas (pk_pecaID, descricaoPeca, fk_material, peso, dimensoes) values (225, 'propellers', 2, '30g', '10cm');
insert into pecas (pk_pecaID, descricaoPeca, fk_material, peso, dimensoes) values (226, 'gear', 2, '3g', '60cm');
insert into pecas (pk_pecaID, descricaoPeca, fk_material, peso, dimensoes) values (227, 'metal connectors', 1, '30g', '2cm');
insert into pecas (pk_pecaID, descricaoPeca, fk_material, peso, dimensoes) values (228, 'bearings', 4, '10g', '30mm');
insert into pecas (pk_pecaID, descricaoPeca, fk_material, peso, dimensoes) values (229, 'valves', 3, '30g', '5cm');
insert into pecas (pk_pecaID, descricaoPeca, fk_material, peso, dimensoes) values (230, 'springs', 4, '2kg', '30mm');
insert into pecas (pk_pecaID, descricaoPeca, fk_material, peso, dimensoes) values (231, 'springs', 2, '5kg', '10mm');
insert into pecas (pk_pecaID, descricaoPeca, fk_material, peso, dimensoes) values (232, 'springs', 4, '5kg', '10cm');
insert into pecas (pk_pecaID, descricaoPeca, fk_material, peso, dimensoes) values (233, 'axle', 3, '5kg', '10mm');
insert into pecas (pk_pecaID, descricaoPeca, fk_material, peso, dimensoes) values (234, 'metal connectors', 1, '2kg', '10mm');
insert into pecas (pk_pecaID, descricaoPeca, fk_material, peso, dimensoes) values (235, 'bearings', 4, '5kg', '30mm');
insert into pecas (pk_pecaID, descricaoPeca, fk_material, peso, dimensoes) values (236, 'screws', 3, '5kg', '60cm');
insert into pecas (pk_pecaID, descricaoPeca, fk_material, peso, dimensoes) values (237, 'bearings', 1, '5kg', '2cm');
insert into pecas (pk_pecaID, descricaoPeca, fk_material, peso, dimensoes) values (238, 'metal connectors', 3, '60g', '5cm');
insert into pecas (pk_pecaID, descricaoPeca, fk_material, peso, dimensoes) values (239, 'valves', 4, '1kg', '10cm');
insert into pecas (pk_pecaID, descricaoPeca, fk_material, peso, dimensoes) values (240, 'wires', 2, '3g', '10mm');
insert into pecas (pk_pecaID, descricaoPeca, fk_material, peso, dimensoes) values (241, 'springs', 1, '2kg', '10mm');
insert into pecas (pk_pecaID, descricaoPeca, fk_material, peso, dimensoes) values (242, 'valves', 2, '30g', '30mm');
insert into pecas (pk_pecaID, descricaoPeca, fk_material, peso, dimensoes) values (243, 'bearings', 4, '60g', '10cm');
insert into pecas (pk_pecaID, descricaoPeca, fk_material, peso, dimensoes) values (244, 'springs', 4, '1kg', '1m');
insert into pecas (pk_pecaID, descricaoPeca, fk_material, peso, dimensoes) values (245, 'axle', 3, '60g', '2cm');
insert into pecas (pk_pecaID, descricaoPeca, fk_material, peso, dimensoes) values (246, 'bearings', 4, '2kg', '60cm');
insert into pecas (pk_pecaID, descricaoPeca, fk_material, peso, dimensoes) values (247, 'propellers', 3, '1kg', '10cm');
insert into pecas (pk_pecaID, descricaoPeca, fk_material, peso, dimensoes) values (248, 'wires', 2, '3g', '1m');
insert into pecas (pk_pecaID, descricaoPeca, fk_material, peso, dimensoes) values (249, 'wires', 3, '2kg', '10cm');
insert into pecas (pk_pecaID, descricaoPeca, fk_material, peso, dimensoes) values (250, 'axle', 3, '30g', '2cm');
insert into pecas (pk_pecaID, descricaoPeca, fk_material, peso, dimensoes) values (251, 'metal connectors', 2, '2kg', '5cm');
insert into pecas (pk_pecaID, descricaoPeca, fk_material, peso, dimensoes) values (252, 'valves', 4, '5kg', '5cm');
insert into pecas (pk_pecaID, descricaoPeca, fk_material, peso, dimensoes) values (253, 'springs', 4, '3g', '60cm');
insert into pecas (pk_pecaID, descricaoPeca, fk_material, peso, dimensoes) values (254, 'gear', 4, '5kg', '10cm');
insert into pecas (pk_pecaID, descricaoPeca, fk_material, peso, dimensoes) values (255, 'propellers', 1, '5kg', '2cm');
insert into pecas (pk_pecaID, descricaoPeca, fk_material, peso, dimensoes) values (256, 'bearings', 2, '10g', '10cm');
insert into pecas (pk_pecaID, descricaoPeca, fk_material, peso, dimensoes) values (257, 'axle', 4, '3g', '10cm');
insert into pecas (pk_pecaID, descricaoPeca, fk_material, peso, dimensoes) values (258, 'springs', 3, '3g', '30mm');
insert into pecas (pk_pecaID, descricaoPeca, fk_material, peso, dimensoes) values (259, 'piston', 2, '2kg', '2cm');
insert into pecas (pk_pecaID, descricaoPeca, fk_material, peso, dimensoes) values (260, 'axle', 2, '3g', '1m');
insert into pecas (pk_pecaID, descricaoPeca, fk_material, peso, dimensoes) values (261, 'screws', 3, '2kg', '1m');
insert into pecas (pk_pecaID, descricaoPeca, fk_material, peso, dimensoes) values (262, 'valves', 2, '1kg', '2cm');
insert into pecas (pk_pecaID, descricaoPeca, fk_material, peso, dimensoes) values (263, 'springs', 3, '1kg', '5cm');
insert into pecas (pk_pecaID, descricaoPeca, fk_material, peso, dimensoes) values (264, 'valves', 1, '5kg', '2cm');
insert into pecas (pk_pecaID, descricaoPeca, fk_material, peso, dimensoes) values (265, 'metal connectors', 3, '3g', '1m');
insert into pecas (pk_pecaID, descricaoPeca, fk_material, peso, dimensoes) values (266, 'piston', 3, '10g', '10mm');
insert into pecas (pk_pecaID, descricaoPeca, fk_material, peso, dimensoes) values (267, 'piston', 2, '30g', '30mm');
insert into pecas (pk_pecaID, descricaoPeca, fk_material, peso, dimensoes) values (268, 'metal connectors', 2, '2kg', '10mm');
insert into pecas (pk_pecaID, descricaoPeca, fk_material, peso, dimensoes) values (269, 'valves', 3, '10g', '1m');
insert into pecas (pk_pecaID, descricaoPeca, fk_material, peso, dimensoes) values (270, 'gear', 1, '60g', '60cm');
insert into pecas (pk_pecaID, descricaoPeca, fk_material, peso, dimensoes) values (271, 'springs', 1, '5kg', '60cm');
insert into pecas (pk_pecaID, descricaoPeca, fk_material, peso, dimensoes) values (272, 'gear', 1, '5kg', '1m');
insert into pecas (pk_pecaID, descricaoPeca, fk_material, peso, dimensoes) values (273, 'wires', 1, '2kg', '5cm');
insert into pecas (pk_pecaID, descricaoPeca, fk_material, peso, dimensoes) values (274, 'bearings', 2, '3g', '2cm');
insert into pecas (pk_pecaID, descricaoPeca, fk_material, peso, dimensoes) values (275, 'springs', 3, '60g', '60cm');
insert into pecas (pk_pecaID, descricaoPeca, fk_material, peso, dimensoes) values (276, 'screws', 1, '60g', '10mm');
insert into pecas (pk_pecaID, descricaoPeca, fk_material, peso, dimensoes) values (277, 'bearings', 4, '2kg', '30mm');
insert into pecas (pk_pecaID, descricaoPeca, fk_material, peso, dimensoes) values (278, 'wires', 3, '30g', '60cm');
insert into pecas (pk_pecaID, descricaoPeca, fk_material, peso, dimensoes) values (279, 'springs', 4, '60g', '10mm');
insert into pecas (pk_pecaID, descricaoPeca, fk_material, peso, dimensoes) values (280, 'metal connectors', 3, '5kg', '10mm');
insert into pecas (pk_pecaID, descricaoPeca, fk_material, peso, dimensoes) values (281, 'axle', 1, '10g', '10mm');
insert into pecas (pk_pecaID, descricaoPeca, fk_material, peso, dimensoes) values (282, 'propellers', 4, '3g', '5cm');
insert into pecas (pk_pecaID, descricaoPeca, fk_material, peso, dimensoes) values (283, 'metal connectors', 2, '5kg', '60cm');
insert into pecas (pk_pecaID, descricaoPeca, fk_material, peso, dimensoes) values (284, 'piston', 3, '30g', '5cm');
insert into pecas (pk_pecaID, descricaoPeca, fk_material, peso, dimensoes) values (285, 'bearings', 2, '10g', '5cm');
insert into pecas (pk_pecaID, descricaoPeca, fk_material, peso, dimensoes) values (286, 'valves', 1, '1kg', '2cm');
insert into pecas (pk_pecaID, descricaoPeca, fk_material, peso, dimensoes) values (287, 'gear', 4, '5kg', '5cm');
insert into pecas (pk_pecaID, descricaoPeca, fk_material, peso, dimensoes) values (288, 'piston', 2, '10g', '10mm');
insert into pecas (pk_pecaID, descricaoPeca, fk_material, peso, dimensoes) values (289, 'valves', 4, '60g', '10cm');
insert into pecas (pk_pecaID, descricaoPeca, fk_material, peso, dimensoes) values (290, 'gear', 1, '1kg', '60cm');
insert into pecas (pk_pecaID, descricaoPeca, fk_material, peso, dimensoes) values (291, 'propellers', 1, '60g', '10cm');
insert into pecas (pk_pecaID, descricaoPeca, fk_material, peso, dimensoes) values (292, 'gear', 1, '1kg', '2cm');
insert into pecas (pk_pecaID, descricaoPeca, fk_material, peso, dimensoes) values (293, 'metal connectors', 4, '2kg', '30mm');
insert into pecas (pk_pecaID, descricaoPeca, fk_material, peso, dimensoes) values (294, 'wires', 3, '30g', '1m');
insert into pecas (pk_pecaID, descricaoPeca, fk_material, peso, dimensoes) values (295, 'piston', 4, '2kg', '30mm');
insert into pecas (pk_pecaID, descricaoPeca, fk_material, peso, dimensoes) values (296, 'bearings', 2, '1kg', '60cm');
insert into pecas (pk_pecaID, descricaoPeca, fk_material, peso, dimensoes) values (297, 'valves', 1, '60g', '1m');
insert into pecas (pk_pecaID, descricaoPeca, fk_material, peso, dimensoes) values (298, 'axle', 1, '60g', '2cm');
insert into pecas (pk_pecaID, descricaoPeca, fk_material, peso, dimensoes) values (299, 'wires', 3, '30g', '60cm');
insert into pecas (pk_pecaID, descricaoPeca, fk_material, peso, dimensoes) values (300, 'bearings', 1, '3g', '2cm');

-- INSERTS de inspecoes

insert into inspecoes (pecaID, dataInspecao, resultadoInspecao, observacoes) values (1, '2022-12-17', 'em analise', null);
insert into inspecoes (pecaID, dataInspecao, resultadoInspecao, observacoes) values (2, '2023-10-30', 'em analise', null);
insert into inspecoes (pecaID, dataInspecao, resultadoInspecao, observacoes) values (3, '2023-09-20', 'aprovado', null);
insert into inspecoes (pecaID, dataInspecao, resultadoInspecao, observacoes) values (4, '2023-10-22', 'reprovado', 'trocar materia prima');
insert into inspecoes (pecaID, dataInspecao, resultadoInspecao, observacoes) values (5, '2023-02-07', 'reprovado', 'defeito');
insert into inspecoes (pecaID, dataInspecao, resultadoInspecao, observacoes) values (6, '2022-12-27', 'aprovado', 'defeito');
insert into inspecoes (pecaID, dataInspecao, resultadoInspecao, observacoes) values (7, '2023-02-03', 'reprovado', null);
insert into inspecoes (pecaID, dataInspecao, resultadoInspecao, observacoes) values (8, '2023-06-28', 'em analise', null);
insert into inspecoes (pecaID, dataInspecao, resultadoInspecao, observacoes) values (9, '2023-08-16', 'em analise', 'defeito');
insert into inspecoes (pecaID, dataInspecao, resultadoInspecao, observacoes) values (10, '2023-01-11', 'em analise', null);
insert into inspecoes (pecaID, dataInspecao, resultadoInspecao, observacoes) values (11, '2023-01-18', 'aprovado', 'defeito');
insert into inspecoes (pecaID, dataInspecao, resultadoInspecao, observacoes) values (12, '2023-10-26', 'em analise', 'defeito');
insert into inspecoes (pecaID, dataInspecao, resultadoInspecao, observacoes) values (13, '2023-03-06', 'reprovado', 'trocar materia prima');
insert into inspecoes (pecaID, dataInspecao, resultadoInspecao, observacoes) values (14, '2023-09-22', 'aprovado', 'trocar materia prima');
insert into inspecoes (pecaID, dataInspecao, resultadoInspecao, observacoes) values (15, '2023-10-02', 'reprovado', 'defeito');
insert into inspecoes (pecaID, dataInspecao, resultadoInspecao, observacoes) values (16, '2023-08-19', 'reprovado', 'trocar materia prima');
insert into inspecoes (pecaID, dataInspecao, resultadoInspecao, observacoes) values (17, '2023-03-23', 'aprovado', 'trocar materia prima');
insert into inspecoes (pecaID, dataInspecao, resultadoInspecao, observacoes) values (18, '2023-08-07', 'em analise', null);
insert into inspecoes (pecaID, dataInspecao, resultadoInspecao, observacoes) values (19, '2023-01-20', 'reprovado', null);
insert into inspecoes (pecaID, dataInspecao, resultadoInspecao, observacoes) values (20, '2023-01-25', 'em analise', null);
insert into inspecoes (pecaID, dataInspecao, resultadoInspecao, observacoes) values (21, '2023-07-01', 'aprovado', 'trocar materia prima');
insert into inspecoes (pecaID, dataInspecao, resultadoInspecao, observacoes) values (22, '2023-06-08', 'aprovado', null);
insert into inspecoes (pecaID, dataInspecao, resultadoInspecao, observacoes) values (23, '2023-10-29', 'em analise', null);
insert into inspecoes (pecaID, dataInspecao, resultadoInspecao, observacoes) values (24, '2023-09-15', 'aprovado', null);
insert into inspecoes (pecaID, dataInspecao, resultadoInspecao, observacoes) values (25, '2022-12-22', 'aprovado', null);
insert into inspecoes (pecaID, dataInspecao, resultadoInspecao, observacoes) values (26, '2023-06-06', 'reprovado', 'trocar materia prima');
insert into inspecoes (pecaID, dataInspecao, resultadoInspecao, observacoes) values (27, '2022-12-17', 'em analise', null);
insert into inspecoes (pecaID, dataInspecao, resultadoInspecao, observacoes) values (28, '2022-12-23', 'reprovado', 'defeito');
insert into inspecoes (pecaID, dataInspecao, resultadoInspecao, observacoes) values (29, '2023-01-07', 'em analise', null);
insert into inspecoes (pecaID, dataInspecao, resultadoInspecao, observacoes) values (30, '2023-06-22', 'aprovado', 'trocar materia prima');
insert into inspecoes (pecaID, dataInspecao, resultadoInspecao, observacoes) values (31, '2023-10-28', 'reprovado', null);
insert into inspecoes (pecaID, dataInspecao, resultadoInspecao, observacoes) values (32, '2023-11-15', 'aprovado', null);
insert into inspecoes (pecaID, dataInspecao, resultadoInspecao, observacoes) values (33, '2023-07-24', 'em analise', null);
insert into inspecoes (pecaID, dataInspecao, resultadoInspecao, observacoes) values (34, '2023-02-04', 'em analise', 'trocar materia prima');
insert into inspecoes (pecaID, dataInspecao, resultadoInspecao, observacoes) values (35, '2023-07-06', 'em analise', null);
insert into inspecoes (pecaID, dataInspecao, resultadoInspecao, observacoes) values (36, '2023-01-09', 'reprovado', 'trocar materia prima');
insert into inspecoes (pecaID, dataInspecao, resultadoInspecao, observacoes) values (37, '2023-03-02', 'aprovado', 'trocar materia prima');
insert into inspecoes (pecaID, dataInspecao, resultadoInspecao, observacoes) values (38, '2023-03-27', 'reprovado', 'trocar materia prima');
insert into inspecoes (pecaID, dataInspecao, resultadoInspecao, observacoes) values (39, '2023-05-29', 'em analise', 'trocar materia prima');
insert into inspecoes (pecaID, dataInspecao, resultadoInspecao, observacoes) values (40, '2023-03-08', 'reprovado', 'defeito');
insert into inspecoes (pecaID, dataInspecao, resultadoInspecao, observacoes) values (41, '2023-02-21', 'aprovado', 'trocar materia prima');
insert into inspecoes (pecaID, dataInspecao, resultadoInspecao, observacoes) values (42, '2023-01-19', 'em analise', 'defeito');
insert into inspecoes (pecaID, dataInspecao, resultadoInspecao, observacoes) values (43, '2023-04-08', 'em analise', 'defeito');
insert into inspecoes (pecaID, dataInspecao, resultadoInspecao, observacoes) values (44, '2023-05-14', 'em analise', null);
insert into inspecoes (pecaID, dataInspecao, resultadoInspecao, observacoes) values (45, '2023-07-10', 'reprovado', null);
insert into inspecoes (pecaID, dataInspecao, resultadoInspecao, observacoes) values (46, '2023-08-13', 'reprovado', 'defeito');
insert into inspecoes (pecaID, dataInspecao, resultadoInspecao, observacoes) values (47, '2022-12-09', 'em analise', 'defeito');
insert into inspecoes (pecaID, dataInspecao, resultadoInspecao, observacoes) values (48, '2022-12-16', 'aprovado', 'trocar materia prima');
insert into inspecoes (pecaID, dataInspecao, resultadoInspecao, observacoes) values (49, '2022-12-08', 'em analise', null);
insert into inspecoes (pecaID, dataInspecao, resultadoInspecao, observacoes) values (50, '2023-11-17', 'reprovado', 'trocar materia prima');

-- INSERTS de rejeiçoes

insert into rejeicoes (pk_rejeicaoID, fk_pecaID, motivoRejeicao, dataRejeicao, acoesCorretivas) values (1, 1, 'peça torta', '2023-7-17', 'refazer a peça');
insert into rejeicoes (pk_rejeicaoID, fk_pecaID, motivoRejeicao, dataRejeicao, acoesCorretivas) values (2, 2, 'peça rachada', '2022-12-21', 'refazer a peça');
insert into rejeicoes (pk_rejeicaoID, fk_pecaID, motivoRejeicao, dataRejeicao, acoesCorretivas) values (3, 3, 'peça com defeito', '2023-10-30', 'refazer a peça');
insert into rejeicoes (pk_rejeicaoID, fk_pecaID, motivoRejeicao, dataRejeicao, acoesCorretivas) values (4, 4, 'peça rachada', '2023-11-11', 'refazer a peça');
insert into rejeicoes (pk_rejeicaoID, fk_pecaID, motivoRejeicao, dataRejeicao, acoesCorretivas) values (5, 5, 'peça rachada', '2023-04-28', 'trocar materia prima');
insert into rejeicoes (pk_rejeicaoID, fk_pecaID, motivoRejeicao, dataRejeicao, acoesCorretivas) values (6, 6, 'peça torta', '2023-04-28', 'trocar materia prima');
insert into rejeicoes (pk_rejeicaoID, fk_pecaID, motivoRejeicao, dataRejeicao, acoesCorretivas) values (7, 7, 'peça torta', '2022-12-29', 'refazer a peça');
insert into rejeicoes (pk_rejeicaoID, fk_pecaID, motivoRejeicao, dataRejeicao, acoesCorretivas) values (8, 8, 'peça com defeito', '2023-07-30', 'refazer a peça');
insert into rejeicoes (pk_rejeicaoID, fk_pecaID, motivoRejeicao, dataRejeicao, acoesCorretivas) values (9, 9, 'peça com defeito', '2023-02-14', 'trocar materia prima');
insert into rejeicoes (pk_rejeicaoID, fk_pecaID, motivoRejeicao, dataRejeicao, acoesCorretivas) values (10, 10, 'peça com defeito', '2023-03-26', 'refazer a peça');

-- INSERTS de aceitacao

insert into aceitacoes (pk_aceitacaoID, fk_pecaID, dataAceitacao, destinoPeca, observacoes) values (1, 42, '2023-08-13', 'amazon', 'fragil');
insert into aceitacoes (pk_aceitacaoID, fk_pecaID, dataAceitacao, destinoPeca, observacoes) values (2, 7, '2023-12-22', 'MWM', null);
insert into aceitacoes (pk_aceitacaoID, fk_pecaID, dataAceitacao, destinoPeca, observacoes) values (3, 40, '2023-06-03', 'amazon', 'fragil');
insert into aceitacoes (pk_aceitacaoID, fk_pecaID, dataAceitacao, destinoPeca, observacoes) values (4, 46, '2023-03-06', 'oficina do tiao', 'lado especifico de encaixe');
insert into aceitacoes (pk_aceitacaoID, fk_pecaID, dataAceitacao, destinoPeca, observacoes) values (5, 3, '2023-08-17', 'nasa', null);
insert into aceitacoes (pk_aceitacaoID, fk_pecaID, dataAceitacao, destinoPeca, observacoes) values (6, 48, '2023-06-19', 'MWM', 'fragil');
insert into aceitacoes (pk_aceitacaoID, fk_pecaID, dataAceitacao, destinoPeca, observacoes) values (7, 29, '2023-05-31', 'general motors', null);
insert into aceitacoes (pk_aceitacaoID, fk_pecaID, dataAceitacao, destinoPeca, observacoes) values (8, 17, '2023-10-20', 'amazon', 'fragil');
insert into aceitacoes (pk_aceitacaoID, fk_pecaID, dataAceitacao, destinoPeca, observacoes) values (9, 37, '2023-03-13', 'general motors', 'lado especifico de encaixe');
insert into aceitacoes (pk_aceitacaoID, fk_pecaID, dataAceitacao, destinoPeca, observacoes) values (10, 43, '2023-09-03', 'MWM', 'fragil');
insert into aceitacoes (pk_aceitacaoID, fk_pecaID, dataAceitacao, destinoPeca, observacoes) values (11, 20, '2023-11-30', 'amazon', 'lado especifico de encaixe');
insert into aceitacoes (pk_aceitacaoID, fk_pecaID, dataAceitacao, destinoPeca, observacoes) values (12, 45, '2023-10-13', 'amazon', null);
insert into aceitacoes (pk_aceitacaoID, fk_pecaID, dataAceitacao, destinoPeca, observacoes) values (13, 34, '2023-03-08', 'amazon', 'lado especifico de encaixe');
insert into aceitacoes (pk_aceitacaoID, fk_pecaID, dataAceitacao, destinoPeca, observacoes) values (14, 36, '2023-05-25', 'oficina do tiao', null);
insert into aceitacoes (pk_aceitacaoID, fk_pecaID, dataAceitacao, destinoPeca, observacoes) values (15, 9, '2023-03-20', 'MWM', 'lado especifico de encaixe');
insert into aceitacoes (pk_aceitacaoID, fk_pecaID, dataAceitacao, destinoPeca, observacoes) values (16, 6, '2023-03-02', 'amazon', 'lado especifico de encaixe');
insert into aceitacoes (pk_aceitacaoID, fk_pecaID, dataAceitacao, destinoPeca, observacoes) values (17, 23, '2023-10-12', 'general motors', null);
insert into aceitacoes (pk_aceitacaoID, fk_pecaID, dataAceitacao, destinoPeca, observacoes) values (18, 44, '2023-07-29', 'amazon', 'lado especifico de encaixe');
insert into aceitacoes (pk_aceitacaoID, fk_pecaID, dataAceitacao, destinoPeca, observacoes) values (19, 14, '2023-07-15', 'oficina do tiao', 'lado especifico de encaixe');
insert into aceitacoes (pk_aceitacaoID, fk_pecaID, dataAceitacao, destinoPeca, observacoes) values (20, 23, '2023-08-28', 'amazon', null);

-- INSERTS de ordensProducao

insert into ordensProducao (pk_ordemID, fk_pecaID, quantidade, dataInicio, dataConclusao, statusOrdem) values (1, 299, 24, '2023-08-24', '2024-06-18', 'pendente');
insert into ordensProducao (pk_ordemID, fk_pecaID, quantidade, dataInicio, dataConclusao, statusOrdem) values (2, 11, 18, '2023-09-19', '2023-02-05', 'em producao');
insert into ordensProducao (pk_ordemID, fk_pecaID, quantidade, dataInicio, dataConclusao, statusOrdem) values (3, 79, 48, '2023-06-18', '2023-03-03', 'pronto');
insert into ordensProducao (pk_ordemID, fk_pecaID, quantidade, dataInicio, dataConclusao, statusOrdem) values (4, 106, 34, '2024-01-04', '2024-04-27', 'pronto');
insert into ordensProducao (pk_ordemID, fk_pecaID, quantidade, dataInicio, dataConclusao, statusOrdem) values (5, 231, 29, '2023-10-11', '2024-04-14', 'em producao');
insert into ordensProducao (pk_ordemID, fk_pecaID, quantidade, dataInicio, dataConclusao, statusOrdem) values (6, 120, 37, '2023-06-05', '2023-11-17', 'pronto');
insert into ordensProducao (pk_ordemID, fk_pecaID, quantidade, dataInicio, dataConclusao, statusOrdem) values (7, 51, 22, '2023-04-03', '2023-05-17', 'em producao');
insert into ordensProducao (pk_ordemID, fk_pecaID, quantidade, dataInicio, dataConclusao, statusOrdem) values (8, 11, 1, '2023-08-05', '2023-09-17', 'pendente');
insert into ordensProducao (pk_ordemID, fk_pecaID, quantidade, dataInicio, dataConclusao, statusOrdem) values (9, 195, 17, '2023-06-01', '2024-03-13', 'pronto');
insert into ordensProducao (pk_ordemID, fk_pecaID, quantidade, dataInicio, dataConclusao, statusOrdem) values (10, 4, 22, '2023-04-13', '2024-06-11', 'em producao');
insert into ordensProducao (pk_ordemID, fk_pecaID, quantidade, dataInicio, dataConclusao, statusOrdem) values (11, 176, 14, '2023-12-14', '2023-05-25', 'pendente');
insert into ordensProducao (pk_ordemID, fk_pecaID, quantidade, dataInicio, dataConclusao, statusOrdem) values (12, 27, 34, '2023-04-04', '2023-07-01', 'pendente');
insert into ordensProducao (pk_ordemID, fk_pecaID, quantidade, dataInicio, dataConclusao, statusOrdem) values (13, 46, 40, '2024-03-23', '2023-03-18', 'pronto');
insert into ordensProducao (pk_ordemID, fk_pecaID, quantidade, dataInicio, dataConclusao, statusOrdem) values (14, 17, 17, '2023-04-04', '2023-07-16', 'em producao');
insert into ordensProducao (pk_ordemID, fk_pecaID, quantidade, dataInicio, dataConclusao, statusOrdem) values (15, 146, 16, '2023-05-19', '2023-07-09', 'pronto');
insert into ordensProducao (pk_ordemID, fk_pecaID, quantidade, dataInicio, dataConclusao, statusOrdem) values (16, 29, 35, '2023-04-11', '2023-10-01', 'pendente');
insert into ordensProducao (pk_ordemID, fk_pecaID, quantidade, dataInicio, dataConclusao, statusOrdem) values (17, 243, 21, '2023-10-13', '2024-03-28', 'em producao');
insert into ordensProducao (pk_ordemID, fk_pecaID, quantidade, dataInicio, dataConclusao, statusOrdem) values (18, 26, 13, '2023-06-30', '2023-12-12', 'pronto');
insert into ordensProducao (pk_ordemID, fk_pecaID, quantidade, dataInicio, dataConclusao, statusOrdem) values (19, 273, 25, '2024-02-18', '2024-03-27', 'em producao');
insert into ordensProducao (pk_ordemID, fk_pecaID, quantidade, dataInicio, dataConclusao, statusOrdem) values (20, 21, 36, '2023-08-03', '2023-10-25', 'em producao');
insert into ordensProducao (pk_ordemID, fk_pecaID, quantidade, dataInicio, dataConclusao, statusOrdem) values (21, 293, 13, '2023-11-18', '2023-10-17', 'em producao');
insert into ordensProducao (pk_ordemID, fk_pecaID, quantidade, dataInicio, dataConclusao, statusOrdem) values (22, 193, 32, '2023-06-16', '2023-03-08', 'pendente');
insert into ordensProducao (pk_ordemID, fk_pecaID, quantidade, dataInicio, dataConclusao, statusOrdem) values (23, 232, 9, '2024-03-31', '2023-10-26', 'pronto');
insert into ordensProducao (pk_ordemID, fk_pecaID, quantidade, dataInicio, dataConclusao, statusOrdem) values (24, 1, 11, '2023-11-17', '2023-05-21', 'em producao');
insert into ordensProducao (pk_ordemID, fk_pecaID, quantidade, dataInicio, dataConclusao, statusOrdem) values (25, 192, 11, '2024-03-26', '2024-03-12', 'pronto');
insert into ordensProducao (pk_ordemID, fk_pecaID, quantidade, dataInicio, dataConclusao, statusOrdem) values (26, 175, 5, '2024-03-12', '2023-07-07', 'pronto');
insert into ordensProducao (pk_ordemID, fk_pecaID, quantidade, dataInicio, dataConclusao, statusOrdem) values (27, 195, 44, '2024-02-07', '2024-07-01', 'pronto');
insert into ordensProducao (pk_ordemID, fk_pecaID, quantidade, dataInicio, dataConclusao, statusOrdem) values (28, 226, 2, '2023-06-08', '2024-06-30', 'pronto');
insert into ordensProducao (pk_ordemID, fk_pecaID, quantidade, dataInicio, dataConclusao, statusOrdem) values (29, 229, 7, '2023-04-19', '2023-04-22', 'pendente');
insert into ordensProducao (pk_ordemID, fk_pecaID, quantidade, dataInicio, dataConclusao, statusOrdem) values (30, 98, 43, '2023-07-06', '2024-04-27', 'em producao');
insert into ordensProducao (pk_ordemID, fk_pecaID, quantidade, dataInicio, dataConclusao, statusOrdem) values (31, 143, 15, '2023-07-14', '2023-02-08', 'em producao');
insert into ordensProducao (pk_ordemID, fk_pecaID, quantidade, dataInicio, dataConclusao, statusOrdem) values (32, 110, 10, '2024-02-03', '2023-11-27', 'em producao');
insert into ordensProducao (pk_ordemID, fk_pecaID, quantidade, dataInicio, dataConclusao, statusOrdem) values (33, 149, 43, '2023-05-20', '2023-06-11', 'pendente');
insert into ordensProducao (pk_ordemID, fk_pecaID, quantidade, dataInicio, dataConclusao, statusOrdem) values (34, 284, 37, '2024-01-11', '2024-06-15', 'pendente');
insert into ordensProducao (pk_ordemID, fk_pecaID, quantidade, dataInicio, dataConclusao, statusOrdem) values (35, 91, 2, '2024-02-16', '2023-03-06', 'pendente');
insert into ordensProducao (pk_ordemID, fk_pecaID, quantidade, dataInicio, dataConclusao, statusOrdem) values (36, 240, 31, '2023-06-22', '2023-03-24', 'pendente');
insert into ordensProducao (pk_ordemID, fk_pecaID, quantidade, dataInicio, dataConclusao, statusOrdem) values (37, 151, 11, '2023-05-15', '2023-02-24', 'pronto');
insert into ordensProducao (pk_ordemID, fk_pecaID, quantidade, dataInicio, dataConclusao, statusOrdem) values (38, 259, 7, '2023-05-25', '2023-05-28', 'pronto');
insert into ordensProducao (pk_ordemID, fk_pecaID, quantidade, dataInicio, dataConclusao, statusOrdem) values (39, 192, 10, '2023-03-07', '2023-09-29', 'em producao');
insert into ordensProducao (pk_ordemID, fk_pecaID, quantidade, dataInicio, dataConclusao, statusOrdem) values (40, 192, 41, '2024-04-01', '2023-02-17', 'em producao');
insert into ordensProducao (pk_ordemID, fk_pecaID, quantidade, dataInicio, dataConclusao, statusOrdem) values (41, 161, 7, '2023-10-15', '2024-02-10', 'pendente');
insert into ordensProducao (pk_ordemID, fk_pecaID, quantidade, dataInicio, dataConclusao, statusOrdem) values (42, 223, 11, '2023-08-24', '2023-05-05', 'pronto');
insert into ordensProducao (pk_ordemID, fk_pecaID, quantidade, dataInicio, dataConclusao, statusOrdem) values (43, 223, 36, '2024-03-04', '2023-07-14', 'pendente');
insert into ordensProducao (pk_ordemID, fk_pecaID, quantidade, dataInicio, dataConclusao, statusOrdem) values (44, 68, 25, '2023-10-13', '2024-01-16', 'em producao');
insert into ordensProducao (pk_ordemID, fk_pecaID, quantidade, dataInicio, dataConclusao, statusOrdem) values (45, 229, 25, '2023-10-05', '2024-02-20', 'em producao');
insert into ordensProducao (pk_ordemID, fk_pecaID, quantidade, dataInicio, dataConclusao, statusOrdem) values (46, 63, 2, '2023-11-04', '2023-03-21', 'em producao');
insert into ordensProducao (pk_ordemID, fk_pecaID, quantidade, dataInicio, dataConclusao, statusOrdem) values (47, 48, 29, '2023-03-05', '2024-06-01', 'pronto');
insert into ordensProducao (pk_ordemID, fk_pecaID, quantidade, dataInicio, dataConclusao, statusOrdem) values (48, 44, 45, '2023-06-06', '2023-09-07', 'pronto');
insert into ordensProducao (pk_ordemID, fk_pecaID, quantidade, dataInicio, dataConclusao, statusOrdem) values (49, 139, 50, '2024-03-23', '2024-03-13', 'pendente');
insert into ordensProducao (pk_ordemID, fk_pecaID, quantidade, dataInicio, dataConclusao, statusOrdem) values (50, 114, 48, '2023-09-12', '2023-10-17', 'em producao');

-- INSERTS de operadores fazer depois

insert into operadores (pk_operadorID, nome, especializacao, disponibilidade, historicoProducao) values (1, 'Amelie Lawlings', 'eletrica', 'Disponivel', 18);
insert into operadores (pk_operadorID, nome, especializacao, disponibilidade, historicoProducao) values (2, 'Welby Duthy', 'mecanica', 'Indisponivel', 13);
insert into operadores (pk_operadorID, nome, especializacao, disponibilidade, historicoProducao) values (3, 'Egon Avo', 'eletrica', 'Indisponivel', 4);
insert into operadores (pk_operadorID, nome, especializacao, disponibilidade, historicoProducao) values (4, 'Melisandra Reichhardt', 'mecanica', 'Indisponivel', 5);
insert into operadores (pk_operadorID, nome, especializacao, disponibilidade, historicoProducao) values (5, 'Huntlee Muckleston', 'mecanica', 'Indisponivel', 17);
insert into operadores (pk_operadorID, nome, especializacao, disponibilidade, historicoProducao) values (6, 'Renato Stallan', 'mecanica', 'Disponivel', 12);
insert into operadores (pk_operadorID, nome, especializacao, disponibilidade, historicoProducao) values (7, 'Augustine Jacobsohn', 'mecanica', 'Indisponivel', 14);
insert into operadores (pk_operadorID, nome, especializacao, disponibilidade, historicoProducao) values (8, 'Bernarr Challener', 'mecanica', 'Indisponivel', 7);
insert into operadores (pk_operadorID, nome, especializacao, disponibilidade, historicoProducao) values (9, 'Dennie Pashenkov', 'mecanica', 'Indisponivel', 1);
insert into operadores (pk_operadorID, nome, especializacao, disponibilidade, historicoProducao) values (10, 'Tani Ramshaw', 'mecanica', 'Indisponivel', 12);
insert into operadores (pk_operadorID, nome, especializacao, disponibilidade, historicoProducao) values (11, 'Row Tidgewell', 'eletrica', 'Indisponivel', 7);
insert into operadores (pk_operadorID, nome, especializacao, disponibilidade, historicoProducao) values (12, 'Gamaliel Clayton', 'mecanica', 'Indisponivel', 5);
insert into operadores (pk_operadorID, nome, especializacao, disponibilidade, historicoProducao) values (13, 'Salmon Gorsse', 'mecanica', 'Indisponivel', 16);
insert into operadores (pk_operadorID, nome, especializacao, disponibilidade, historicoProducao) values (14, 'Astrix Gooderham', 'mecanica', 'Indisponivel', 3);
insert into operadores (pk_operadorID, nome, especializacao, disponibilidade, historicoProducao) values (15, 'Goober Botte', 'eletrica', 'Indisponivel', 5);
insert into operadores (pk_operadorID, nome, especializacao, disponibilidade, historicoProducao) values (16, 'Godfrey Munsey', 'mecanica', 'Disponivel', 8);
insert into operadores (pk_operadorID, nome, especializacao, disponibilidade, historicoProducao) values (17, 'Antons Hatherley', 'mecanica', 'Indisponivel', 10);
insert into operadores (pk_operadorID, nome, especializacao, disponibilidade, historicoProducao) values (18, 'Giacobo Vallentin', 'mecanica', 'Disponivel', 15);
insert into operadores (pk_operadorID, nome, especializacao, disponibilidade, historicoProducao) values (19, 'Laurel Coldman', 'eletrica', 'Indisponivel', 15);
insert into operadores (pk_operadorID, nome, especializacao, disponibilidade, historicoProducao) values (20, 'Adolph Sellack', 'eletrica', 'Indisponivel', 2);

-- INSERTS de equipamentos

insert into equipamentos (pk_equipamentoID, nomeEquipamento, descricao, dataAquisicao, vidaUtilRestante) values (1, 'lathe', 'Used for machining', '2022-11-24', '2023-10-05');
insert into equipamentos (pk_equipamentoID, nomeEquipamento, descricao, dataAquisicao, vidaUtilRestante) values (2, 'Rectify', 'rectify surfaces', '2023-10-12', '2022-11-06');
insert into equipamentos (pk_equipamentoID, nomeEquipamento, descricao, dataAquisicao, vidaUtilRestante) values (3, 'screwdriver', 'to screw', '2023-08-25', '2023-09-06');
insert into equipamentos (pk_equipamentoID, nomeEquipamento, descricao, dataAquisicao, vidaUtilRestante) values (4, 'pliers', 'cut', '2023-02-17', '2023-03-31');
insert into equipamentos (pk_equipamentoID, nomeEquipamento, descricao, dataAquisicao, vidaUtilRestante) values (5, 'multimeter', 'check electrical current', '2023-07-23', '2022-11-17');

-- INSERTS de mecanicos

insert into mecanico (pk_mecanicoID, nome, telefone) values (1, 'Brittany Lobbe', '723-103-4260');
insert into mecanico (pk_mecanicoID, nome, telefone) values (2, 'Ag Dewer', '436-223-2751');
insert into mecanico (pk_mecanicoID, nome, telefone) values (3, 'Elberta MacIlwrick', '656-605-1968');
insert into mecanico (pk_mecanicoID, nome, telefone) values (4, 'Irwinn Lelliott', '981-652-1458');
insert into mecanico (pk_mecanicoID, nome, telefone) values (5, 'Shalna Sermin', '325-943-6783');
insert into mecanico (pk_mecanicoID, nome, telefone) values (6, 'Ezmeralda Rengger', '250-981-8679');
insert into mecanico (pk_mecanicoID, nome, telefone) values (7, 'Micah MacDearmid', '493-437-4379');
insert into mecanico (pk_mecanicoID, nome, telefone) values (8, 'Pepe Bollam', '401-768-2558');
insert into mecanico (pk_mecanicoID, nome, telefone) values (9, 'Celestia Barter', '461-216-9332');
insert into mecanico (pk_mecanicoID, nome, telefone) values (10, 'Buddie Jarrelt', '307-956-2508');
insert into mecanico (pk_mecanicoID, nome, telefone) values (11, 'Wandie Trebbett', '382-307-7982');
insert into mecanico (pk_mecanicoID, nome, telefone) values (12, 'Stanwood Gathwaite', '408-414-4644');
insert into mecanico (pk_mecanicoID, nome, telefone) values (13, 'Pearla Sherbrooke', '922-550-3796');
insert into mecanico (pk_mecanicoID, nome, telefone) values (14, 'Nickolas Chamney', '918-107-6708');
insert into mecanico (pk_mecanicoID, nome, telefone) values (15, 'Lelah Pearsey', '257-923-2567');
insert into mecanico (pk_mecanicoID, nome, telefone) values (16, 'Royce Martinot', '326-423-7503');
insert into mecanico (pk_mecanicoID, nome, telefone) values (17, 'Jemie Grimes', '158-232-4345');
insert into mecanico (pk_mecanicoID, nome, telefone) values (18, 'Richmound Openshaw', '370-281-5404');
insert into mecanico (pk_mecanicoID, nome, telefone) values (19, 'Carolina Barthropp', '510-611-7317');
insert into mecanico (pk_mecanicoID, nome, telefone) values (20, 'Jimmy Clemendot', '939-352-9494');

-- INSERTS de maquinas

insert into maquinas (pk_maquinaID, fk_equipamentoID, nomeMaquina, descricao, capacidadeMaxima, ultimaManutencao) values (1, 4, 'Guillotine shear', 'consectetur adipiscing elit', 116.25, '2023-07-16');
insert into maquinas (pk_maquinaID, fk_equipamentoID, nomeMaquina, descricao, capacidadeMaxima, ultimaManutencao) values (2, 1, '3D printer', 'consectetur adipiscing elit', 476.79, '2023-09-28');
insert into maquinas (pk_maquinaID, fk_equipamentoID, nomeMaquina, descricao, capacidadeMaxima, ultimaManutencao) values (3, 2, 'lathe', 'Lorem ipsum dolor sit amet', 228.52, '2023-04-18');
insert into maquinas (pk_maquinaID, fk_equipamentoID, nomeMaquina, descricao, capacidadeMaxima, ultimaManutencao) values (4, 5, 'MIG welder', 'Lorem ipsum dolor sit amet', 309.39, '2023-09-17');
insert into maquinas (pk_maquinaID, fk_equipamentoID, nomeMaquina, descricao, capacidadeMaxima, ultimaManutencao) values (5, 5, '3D printer', 'Lorem ipsum dolor sit amet', 107.03, '2023-10-21');
insert into maquinas (pk_maquinaID, fk_equipamentoID, nomeMaquina, descricao, capacidadeMaxima, ultimaManutencao) values (6, 4, 'Guillotine shear', 'consectetur adipiscing elit', 36.61, '2023-09-24');
insert into maquinas (pk_maquinaID, fk_equipamentoID, nomeMaquina, descricao, capacidadeMaxima, ultimaManutencao) values (7, 1, 'Plastic injection molding machine', 'consectetur adipiscing elit', 325.21, '2023-08-16');
insert into maquinas (pk_maquinaID, fk_equipamentoID, nomeMaquina, descricao, capacidadeMaxima, ultimaManutencao) values (8, 4, 'Band saw', 'consectetur adipiscing elit', 130.8, '2023-04-18');
insert into maquinas (pk_maquinaID, fk_equipamentoID, nomeMaquina, descricao, capacidadeMaxima, ultimaManutencao) values (9, 4, 'Vertical milling machine', 'Lorem ipsum dolor sit amet', 422.41, '2023-11-08');
insert into maquinas (pk_maquinaID, fk_equipamentoID, nomeMaquina, descricao, capacidadeMaxima, ultimaManutencao) values (10, 2, 'Hydraulic press', 'consectetur adipiscing elit', 109.34, '2023-10-12');
insert into maquinas (pk_maquinaID, fk_equipamentoID, nomeMaquina, descricao, capacidadeMaxima, ultimaManutencao) values (11, 3, 'Band saw', 'Lorem ipsum dolor sit amet', 157.08, '2023-10-27');
insert into maquinas (pk_maquinaID, fk_equipamentoID, nomeMaquina, descricao, capacidadeMaxima, ultimaManutencao) values (12, 5, '3D printer', 'Lorem ipsum dolor sit amet', 353.92, '2023-03-18');
insert into maquinas (pk_maquinaID, fk_equipamentoID, nomeMaquina, descricao, capacidadeMaxima, ultimaManutencao) values (13, 4, 'Vertical milling machine', 'consectetur adipiscing elit', 302.95, '2023-05-12');
insert into maquinas (pk_maquinaID, fk_equipamentoID, nomeMaquina, descricao, capacidadeMaxima, ultimaManutencao) values (14, 3, 'Guillotine shear', 'Lorem ipsum dolor sit amet', 328.1, '2023-08-25');
insert into maquinas (pk_maquinaID, fk_equipamentoID, nomeMaquina, descricao, capacidadeMaxima, ultimaManutencao) values (15, 2, 'Vertical milling machine', 'consectetur adipiscing elit', 114.77, '2023-06-15');
insert into maquinas (pk_maquinaID, fk_equipamentoID, nomeMaquina, descricao, capacidadeMaxima, ultimaManutencao) values (16, 4, '3D printer', 'consectetur adipiscing elit', 432.55, '2023-03-22');
insert into maquinas (pk_maquinaID, fk_equipamentoID, nomeMaquina, descricao, capacidadeMaxima, ultimaManutencao) values (17, 1, 'Laser cutter', 'Lorem ipsum dolor sit amet', 97.55, '2023-08-18');
insert into maquinas (pk_maquinaID, fk_equipamentoID, nomeMaquina, descricao, capacidadeMaxima, ultimaManutencao) values (18, 2, 'Band saw', 'Lorem ipsum dolor sit amet', 164.59, '2023-05-03');
insert into maquinas (pk_maquinaID, fk_equipamentoID, nomeMaquina, descricao, capacidadeMaxima, ultimaManutencao) values (19, 2, 'Laser cutter', 'consectetur adipiscing elit', 360.74, '2023-02-03');
insert into maquinas (pk_maquinaID, fk_equipamentoID, nomeMaquina, descricao, capacidadeMaxima, ultimaManutencao) values (20, 5, 'lathe', 'consectetur adipiscing elit', 97.21, '2023-08-16');
insert into maquinas (pk_maquinaID, fk_equipamentoID, nomeMaquina, descricao, capacidadeMaxima, ultimaManutencao) values (21, 2, 'Laser cutter', 'consectetur adipiscing elit', 205.34, '2023-05-09');
insert into maquinas (pk_maquinaID, fk_equipamentoID, nomeMaquina, descricao, capacidadeMaxima, ultimaManutencao) values (22, 1, 'MIG welder', 'Lorem ipsum dolor sit amet', 86.07, '2023-03-03');
insert into maquinas (pk_maquinaID, fk_equipamentoID, nomeMaquina, descricao, capacidadeMaxima, ultimaManutencao) values (23, 5, 'Band saw', 'Lorem ipsum dolor sit amet', 100.74, '2023-09-26');
insert into maquinas (pk_maquinaID, fk_equipamentoID, nomeMaquina, descricao, capacidadeMaxima, ultimaManutencao) values (24, 2, 'Hydraulic press', 'Lorem ipsum dolor sit amet', 322.22, '2023-04-04');
insert into maquinas (pk_maquinaID, fk_equipamentoID, nomeMaquina, descricao, capacidadeMaxima, ultimaManutencao) values (25, 3, '3D printer', 'Lorem ipsum dolor sit amet', 455.8, '2023-09-07');
insert into maquinas (pk_maquinaID, fk_equipamentoID, nomeMaquina, descricao, capacidadeMaxima, ultimaManutencao) values (26, 2, 'Guillotine shear', 'Lorem ipsum dolor sit amet', 225.85, '2023-04-19');
insert into maquinas (pk_maquinaID, fk_equipamentoID, nomeMaquina, descricao, capacidadeMaxima, ultimaManutencao) values (27, 3, 'lathe', 'consectetur adipiscing elit', 137.4, '2023-06-03');
insert into maquinas (pk_maquinaID, fk_equipamentoID, nomeMaquina, descricao, capacidadeMaxima, ultimaManutencao) values (28, 5, '', 'consectetur adipiscing elit', 100.25, '2023-04-24');
insert into maquinas (pk_maquinaID, fk_equipamentoID, nomeMaquina, descricao, capacidadeMaxima, ultimaManutencao) values (29, 2, 'Plastic injection molding machine', 'consectetur adipiscing elit', 254.43, '2023-07-28');
insert into maquinas (pk_maquinaID, fk_equipamentoID, nomeMaquina, descricao, capacidadeMaxima, ultimaManutencao) values (30, 5, 'Vertical milling machine', 'Lorem ipsum dolor sit amet', 44.71, '2023-02-22');
insert into maquinas (pk_maquinaID, fk_equipamentoID, nomeMaquina, descricao, capacidadeMaxima, ultimaManutencao) values (31, 3, '', 'consectetur adipiscing elit', 62.99, '2023-08-31');
insert into maquinas (pk_maquinaID, fk_equipamentoID, nomeMaquina, descricao, capacidadeMaxima, ultimaManutencao) values (32, 1, 'Plastic injection molding machine', 'consectetur adipiscing elit', 202.24, '2023-10-18');
insert into maquinas (pk_maquinaID, fk_equipamentoID, nomeMaquina, descricao, capacidadeMaxima, ultimaManutencao) values (33, 5, 'lathe', 'consectetur adipiscing elit', 8.81, '2023-03-02');
insert into maquinas (pk_maquinaID, fk_equipamentoID, nomeMaquina, descricao, capacidadeMaxima, ultimaManutencao) values (34, 3, 'Hydraulic press', 'consectetur adipiscing elit', 115.81, '2023-10-10');
insert into maquinas (pk_maquinaID, fk_equipamentoID, nomeMaquina, descricao, capacidadeMaxima, ultimaManutencao) values (35, 1, 'MIG welder', 'Lorem ipsum dolor sit amet', 84.48, '2023-03-05');
insert into maquinas (pk_maquinaID, fk_equipamentoID, nomeMaquina, descricao, capacidadeMaxima, ultimaManutencao) values (36, 1, 'Vertical milling machine', 'consectetur adipiscing elit', 347.83, '2023-04-23');
insert into maquinas (pk_maquinaID, fk_equipamentoID, nomeMaquina, descricao, capacidadeMaxima, ultimaManutencao) values (37, 4, 'MIG welder', 'consectetur adipiscing elit', 286.26, '2023-06-16');
insert into maquinas (pk_maquinaID, fk_equipamentoID, nomeMaquina, descricao, capacidadeMaxima, ultimaManutencao) values (38, 1, 'Hydraulic press', 'Lorem ipsum dolor sit amet', 371.17, '2023-09-18');
insert into maquinas (pk_maquinaID, fk_equipamentoID, nomeMaquina, descricao, capacidadeMaxima, ultimaManutencao) values (39, 4, '', 'Lorem ipsum dolor sit amet', 195.13, '2023-04-27');
insert into maquinas (pk_maquinaID, fk_equipamentoID, nomeMaquina, descricao, capacidadeMaxima, ultimaManutencao) values (40, 1, 'lathe', 'Lorem ipsum dolor sit amet', 16.78, '2023-07-21');
insert into maquinas (pk_maquinaID, fk_equipamentoID, nomeMaquina, descricao, capacidadeMaxima, ultimaManutencao) values (41, 4, 'Band saw', 'Lorem ipsum dolor sit amet', 374.36, '2023-03-10');
insert into maquinas (pk_maquinaID, fk_equipamentoID, nomeMaquina, descricao, capacidadeMaxima, ultimaManutencao) values (42, 5, 'Hydraulic press', 'Lorem ipsum dolor sit amet', 269.94, '2023-06-22');
insert into maquinas (pk_maquinaID, fk_equipamentoID, nomeMaquina, descricao, capacidadeMaxima, ultimaManutencao) values (43, 2, 'Guillotine shear', 'Lorem ipsum dolor sit amet', 135.85, '2023-03-28');
insert into maquinas (pk_maquinaID, fk_equipamentoID, nomeMaquina, descricao, capacidadeMaxima, ultimaManutencao) values (44, 1, 'Vertical milling machine', 'Lorem ipsum dolor sit amet', 133.72, '2023-11-10');
insert into maquinas (pk_maquinaID, fk_equipamentoID, nomeMaquina, descricao, capacidadeMaxima, ultimaManutencao) values (45, 1, 'Hydraulic press', 'consectetur adipiscing elit', 201.44, '2023-10-22');
insert into maquinas (pk_maquinaID, fk_equipamentoID, nomeMaquina, descricao, capacidadeMaxima, ultimaManutencao) values (46, 4, 'lathe', 'consectetur adipiscing elit', 149.47, '2023-04-07');
insert into maquinas (pk_maquinaID, fk_equipamentoID, nomeMaquina, descricao, capacidadeMaxima, ultimaManutencao) values (47, 4, 'Guillotine shear', 'Lorem ipsum dolor sit amet', 117.25, '2023-07-05');
insert into maquinas (pk_maquinaID, fk_equipamentoID, nomeMaquina, descricao, capacidadeMaxima, ultimaManutencao) values (48, 1, 'Hydraulic press', 'Lorem ipsum dolor sit amet', 406.22, '2023-11-08');
insert into maquinas (pk_maquinaID, fk_equipamentoID, nomeMaquina, descricao, capacidadeMaxima, ultimaManutencao) values (49, 4, 'Band saw', 'consectetur adipiscing elit', 116.67, '2023-07-06');
insert into maquinas (pk_maquinaID, fk_equipamentoID, nomeMaquina, descricao, capacidadeMaxima, ultimaManutencao) values (50, 5, 'lathe', 'consectetur adipiscing elit', 229.71, '2023-06-07');
insert into maquinas (pk_maquinaID, fk_equipamentoID, nomeMaquina, descricao, capacidadeMaxima, ultimaManutencao) values (51, 5, '3D printer', 'consectetur adipiscing elit', 466.69, '2023-06-15');
insert into maquinas (pk_maquinaID, fk_equipamentoID, nomeMaquina, descricao, capacidadeMaxima, ultimaManutencao) values (52, 5, 'Guillotine shear', 'consectetur adipiscing elit', 249.05, '2023-05-03');
insert into maquinas (pk_maquinaID, fk_equipamentoID, nomeMaquina, descricao, capacidadeMaxima, ultimaManutencao) values (53, 4, 'MIG welder', 'Lorem ipsum dolor sit amet', 240.03, '2023-10-07');
insert into maquinas (pk_maquinaID, fk_equipamentoID, nomeMaquina, descricao, capacidadeMaxima, ultimaManutencao) values (54, 5, 'Vertical milling machine', 'Lorem ipsum dolor sit amet', 179.98, '2023-10-31');
insert into maquinas (pk_maquinaID, fk_equipamentoID, nomeMaquina, descricao, capacidadeMaxima, ultimaManutencao) values (55, 4, 'Plastic injection molding machine', 'consectetur adipiscing elit', 263.05, '2023-07-26');
insert into maquinas (pk_maquinaID, fk_equipamentoID, nomeMaquina, descricao, capacidadeMaxima, ultimaManutencao) values (56, 5, 'Band saw', 'consectetur adipiscing elit', 364.19, '2023-09-07');
insert into maquinas (pk_maquinaID, fk_equipamentoID, nomeMaquina, descricao, capacidadeMaxima, ultimaManutencao) values (57, 1, 'Plastic injection molding machine', 'Lorem ipsum dolor sit amet', 237.79, '2023-07-14');
insert into maquinas (pk_maquinaID, fk_equipamentoID, nomeMaquina, descricao, capacidadeMaxima, ultimaManutencao) values (58, 1, 'Guillotine shear', 'Lorem ipsum dolor sit amet', 232.56, '2023-04-26');
insert into maquinas (pk_maquinaID, fk_equipamentoID, nomeMaquina, descricao, capacidadeMaxima, ultimaManutencao) values (59, 5, 'Guillotine shear', 'consectetur adipiscing elit', 97.02, '2023-07-17');
insert into maquinas (pk_maquinaID, fk_equipamentoID, nomeMaquina, descricao, capacidadeMaxima, ultimaManutencao) values (60, 5, 'Band saw', 'Lorem ipsum dolor sit amet', 474.1, '2023-09-10');
insert into maquinas (pk_maquinaID, fk_equipamentoID, nomeMaquina, descricao, capacidadeMaxima, ultimaManutencao) values (61, 3, 'lathe', 'Lorem ipsum dolor sit amet', 137.84, '2023-08-20');
insert into maquinas (pk_maquinaID, fk_equipamentoID, nomeMaquina, descricao, capacidadeMaxima, ultimaManutencao) values (62, 3, 'Vertical milling machine', 'Lorem ipsum dolor sit amet', 248.15, '2023-05-11');
insert into maquinas (pk_maquinaID, fk_equipamentoID, nomeMaquina, descricao, capacidadeMaxima, ultimaManutencao) values (63, 2, 'Hydraulic press', 'Lorem ipsum dolor sit amet', 498.65, '2023-04-20');
insert into maquinas (pk_maquinaID, fk_equipamentoID, nomeMaquina, descricao, capacidadeMaxima, ultimaManutencao) values (64, 3, 'MIG welder', 'Lorem ipsum dolor sit amet', 300.1, '2023-07-13');
insert into maquinas (pk_maquinaID, fk_equipamentoID, nomeMaquina, descricao, capacidadeMaxima, ultimaManutencao) values (65, 4, 'Hydraulic press', 'Lorem ipsum dolor sit amet', 206.49, '2023-03-29');
insert into maquinas (pk_maquinaID, fk_equipamentoID, nomeMaquina, descricao, capacidadeMaxima, ultimaManutencao) values (66, 1, 'Laser cutter', 'consectetur adipiscing elit', 491.85, '2023-03-27');
insert into maquinas (pk_maquinaID, fk_equipamentoID, nomeMaquina, descricao, capacidadeMaxima, ultimaManutencao) values (67, 4, 'lathe', 'consectetur adipiscing elit', 101.31, '2023-05-29');
insert into maquinas (pk_maquinaID, fk_equipamentoID, nomeMaquina, descricao, capacidadeMaxima, ultimaManutencao) values (68, 2, 'Hydraulic press', 'consectetur adipiscing elit', 244.37, '2023-10-19');
insert into maquinas (pk_maquinaID, fk_equipamentoID, nomeMaquina, descricao, capacidadeMaxima, ultimaManutencao) values (69, 5, 'Band saw', 'Lorem ipsum dolor sit amet', 213.05, '2023-04-14');
insert into maquinas (pk_maquinaID, fk_equipamentoID, nomeMaquina, descricao, capacidadeMaxima, ultimaManutencao) values (70, 4, 'MIG welder', 'Lorem ipsum dolor sit amet', 145.33, '2023-07-29');
insert into maquinas (pk_maquinaID, fk_equipamentoID, nomeMaquina, descricao, capacidadeMaxima, ultimaManutencao) values (71, 2, 'MIG welder', 'Lorem ipsum dolor sit amet', 152.88, '2023-06-14');
insert into maquinas (pk_maquinaID, fk_equipamentoID, nomeMaquina, descricao, capacidadeMaxima, ultimaManutencao) values (72, 2, 'Plastic injection molding machine', 'Lorem ipsum dolor sit amet', 47.57, '2023-04-25');
insert into maquinas (pk_maquinaID, fk_equipamentoID, nomeMaquina, descricao, capacidadeMaxima, ultimaManutencao) values (73, 4, 'Plastic injection molding machine', 'consectetur adipiscing elit', 240.42, '2023-11-03');
insert into maquinas (pk_maquinaID, fk_equipamentoID, nomeMaquina, descricao, capacidadeMaxima, ultimaManutencao) values (74, 2, 'lathe', 'Lorem ipsum dolor sit amet', 104.99, '2023-11-15');
insert into maquinas (pk_maquinaID, fk_equipamentoID, nomeMaquina, descricao, capacidadeMaxima, ultimaManutencao) values (75, 1, 'Vertical milling machine', 'consectetur adipiscing elit', 463.58, '2023-05-30');
insert into maquinas (pk_maquinaID, fk_equipamentoID, nomeMaquina, descricao, capacidadeMaxima, ultimaManutencao) values (76, 4, 'lathe', 'Lorem ipsum dolor sit amet', 294.92, '2023-05-21');
insert into maquinas (pk_maquinaID, fk_equipamentoID, nomeMaquina, descricao, capacidadeMaxima, ultimaManutencao) values (77, 3, 'Vertical milling machine', 'consectetur adipiscing elit', 225.2, '2023-06-15');
insert into maquinas (pk_maquinaID, fk_equipamentoID, nomeMaquina, descricao, capacidadeMaxima, ultimaManutencao) values (78, 1, 'lathe', 'Lorem ipsum dolor sit amet', 314.35, '2023-03-01');
insert into maquinas (pk_maquinaID, fk_equipamentoID, nomeMaquina, descricao, capacidadeMaxima, ultimaManutencao) values (79, 3, 'Hydraulic press', 'Lorem ipsum dolor sit amet', 421.99, '2023-04-30');
insert into maquinas (pk_maquinaID, fk_equipamentoID, nomeMaquina, descricao, capacidadeMaxima, ultimaManutencao) values (80, 5, 'Laser cutter', 'Lorem ipsum dolor sit amet', 187.06, '2023-04-28');
insert into maquinas (pk_maquinaID, fk_equipamentoID, nomeMaquina, descricao, capacidadeMaxima, ultimaManutencao) values (81, 2, '3D printer', 'Lorem ipsum dolor sit amet', 420.35, '2023-11-23');
insert into maquinas (pk_maquinaID, fk_equipamentoID, nomeMaquina, descricao, capacidadeMaxima, ultimaManutencao) values (82, 4, 'lathe', 'consectetur adipiscing elit', 360.53, '2023-04-08');
insert into maquinas (pk_maquinaID, fk_equipamentoID, nomeMaquina, descricao, capacidadeMaxima, ultimaManutencao) values (83, 5, 'lathe', 'Lorem ipsum dolor sit amet', 193.8, '2023-10-01');
insert into maquinas (pk_maquinaID, fk_equipamentoID, nomeMaquina, descricao, capacidadeMaxima, ultimaManutencao) values (84, 2, 'lathe', 'Lorem ipsum dolor sit amet', 340.11, '2023-11-05');
insert into maquinas (pk_maquinaID, fk_equipamentoID, nomeMaquina, descricao, capacidadeMaxima, ultimaManutencao) values (85, 3, 'Plastic injection molding machine', 'Lorem ipsum dolor sit amet', 417.61, '2023-11-09');
insert into maquinas (pk_maquinaID, fk_equipamentoID, nomeMaquina, descricao, capacidadeMaxima, ultimaManutencao) values (86, 3, 'Laser cutter', 'Lorem ipsum dolor sit amet', 62.4, '2023-03-19');
insert into maquinas (pk_maquinaID, fk_equipamentoID, nomeMaquina, descricao, capacidadeMaxima, ultimaManutencao) values (87, 2, 'Hydraulic press', 'consectetur adipiscing elit', 159.75, '2023-08-29');
insert into maquinas (pk_maquinaID, fk_equipamentoID, nomeMaquina, descricao, capacidadeMaxima, ultimaManutencao) values (88, 2, 'Hydraulic press', 'Lorem ipsum dolor sit amet', 149.86, '2023-02-26');
insert into maquinas (pk_maquinaID, fk_equipamentoID, nomeMaquina, descricao, capacidadeMaxima, ultimaManutencao) values (89, 5, '3D printer', 'Lorem ipsum dolor sit amet', 389.39, '2023-06-21');
insert into maquinas (pk_maquinaID, fk_equipamentoID, nomeMaquina, descricao, capacidadeMaxima, ultimaManutencao) values (90, 5, 'Vertical milling machine', 'Lorem ipsum dolor sit amet', 278.46, '2023-02-04');
insert into maquinas (pk_maquinaID, fk_equipamentoID, nomeMaquina, descricao, capacidadeMaxima, ultimaManutencao) values (91, 5, 'Laser cutter', 'Lorem ipsum dolor sit amet', 274.45, '2023-10-16');
insert into maquinas (pk_maquinaID, fk_equipamentoID, nomeMaquina, descricao, capacidadeMaxima, ultimaManutencao) values (92, 2, 'Vertical milling machine', 'Lorem ipsum dolor sit amet', 72.01, '2023-10-26');
insert into maquinas (pk_maquinaID, fk_equipamentoID, nomeMaquina, descricao, capacidadeMaxima, ultimaManutencao) values (93, 1, 'Hydraulic press', 'consectetur adipiscing elit', 416.64, '2023-02-18');
insert into maquinas (pk_maquinaID, fk_equipamentoID, nomeMaquina, descricao, capacidadeMaxima, ultimaManutencao) values (94, 5, '', 'consectetur adipiscing elit', 173.12, '2023-02-03');
insert into maquinas (pk_maquinaID, fk_equipamentoID, nomeMaquina, descricao, capacidadeMaxima, ultimaManutencao) values (95, 4, 'Laser cutter', 'Lorem ipsum dolor sit amet', 200.17, '2023-07-08');
insert into maquinas (pk_maquinaID, fk_equipamentoID, nomeMaquina, descricao, capacidadeMaxima, ultimaManutencao) values (96, 4, 'Laser cutter', 'consectetur adipiscing elit', 252.62, '2023-03-16');
insert into maquinas (pk_maquinaID, fk_equipamentoID, nomeMaquina, descricao, capacidadeMaxima, ultimaManutencao) values (97, 5, 'MIG welder', 'Lorem ipsum dolor sit amet', 71.5, '2023-08-06');
insert into maquinas (pk_maquinaID, fk_equipamentoID, nomeMaquina, descricao, capacidadeMaxima, ultimaManutencao) values (98, 1, 'Guillotine shear', 'consectetur adipiscing elit', 276.81, '2023-11-01');
insert into maquinas (pk_maquinaID, fk_equipamentoID, nomeMaquina, descricao, capacidadeMaxima, ultimaManutencao) values (99, 3, '', 'consectetur adipiscing elit', 417.13, '2023-02-09');
insert into maquinas (pk_maquinaID, fk_equipamentoID, nomeMaquina, descricao, capacidadeMaxima, ultimaManutencao) values (100, 4, 'Guillotine shear', 'consectetur adipiscing elit', 80.86, '2023-07-15');

-- INSERTS de manutencoesProgramadas

insert into manutencoesProgramadas (pk_manutencaoID, fk_equipamentoID, fk_maquinaID, tipoManutencao, dataProgramada, responsavel) values (1, 1, 1, 'detectiva', '2023-05-04', 14);
insert into manutencoesProgramadas (pk_manutencaoID, fk_equipamentoID, fk_maquinaID, tipoManutencao, dataProgramada, responsavel) values (2, 1, 2, 'preditiva', '2023-08-25', 11);
insert into manutencoesProgramadas (pk_manutencaoID, fk_equipamentoID, fk_maquinaID, tipoManutencao, dataProgramada, responsavel) values (3, 4, 3, 'preventiva', '2023-12-16', 2);
insert into manutencoesProgramadas (pk_manutencaoID, fk_equipamentoID, fk_maquinaID, tipoManutencao, dataProgramada, responsavel) values (4, 5, 4, 'detectiva', '2023-08-17', 15);
insert into manutencoesProgramadas (pk_manutencaoID, fk_equipamentoID, fk_maquinaID, tipoManutencao, dataProgramada, responsavel) values (5, 2, 5, 'proativa.', '2023-02-22', 11);
insert into manutencoesProgramadas (pk_manutencaoID, fk_equipamentoID, fk_maquinaID, tipoManutencao, dataProgramada, responsavel) values (6, 5, 6, 'detectiva', '2023-12-01', 7);
insert into manutencoesProgramadas (pk_manutencaoID, fk_equipamentoID, fk_maquinaID, tipoManutencao, dataProgramada, responsavel) values (7, 4, 7, 'preventiva', '2023-08-22', 2);
insert into manutencoesProgramadas (pk_manutencaoID, fk_equipamentoID, fk_maquinaID, tipoManutencao, dataProgramada, responsavel) values (8, 1, 8, 'detectiva', '2022-12-08', 15);
insert into manutencoesProgramadas (pk_manutencaoID, fk_equipamentoID, fk_maquinaID, tipoManutencao, dataProgramada, responsavel) values (9, 1, 9, 'proativa.', '2023-12-09', 1);
insert into manutencoesProgramadas (pk_manutencaoID, fk_equipamentoID, fk_maquinaID, tipoManutencao, dataProgramada, responsavel) values (10, 5, 10, 'proativa.', '2023-04-10', 7);
insert into manutencoesProgramadas (pk_manutencaoID, fk_equipamentoID, fk_maquinaID, tipoManutencao, dataProgramada, responsavel) values (11, 1, 11, 'detectiva', '2023-07-18', 5);
insert into manutencoesProgramadas (pk_manutencaoID, fk_equipamentoID, fk_maquinaID, tipoManutencao, dataProgramada, responsavel) values (12, 1, 12, 'corretiva', '2022-12-13', 14);
insert into manutencoesProgramadas (pk_manutencaoID, fk_equipamentoID, fk_maquinaID, tipoManutencao, dataProgramada, responsavel) values (13, 3, 13, 'preditiva', '2023-12-23', 12);
insert into manutencoesProgramadas (pk_manutencaoID, fk_equipamentoID, fk_maquinaID, tipoManutencao, dataProgramada, responsavel) values (14, 5, 14, 'corretiva', '2023-03-26', 17);
insert into manutencoesProgramadas (pk_manutencaoID, fk_equipamentoID, fk_maquinaID, tipoManutencao, dataProgramada, responsavel) values (15, 4, 15, 'preventiva', '2023-10-19', 18);
insert into manutencoesProgramadas (pk_manutencaoID, fk_equipamentoID, fk_maquinaID, tipoManutencao, dataProgramada, responsavel) values (16, 1, 16, 'proativa.', '2023-01-31', 8);
insert into manutencoesProgramadas (pk_manutencaoID, fk_equipamentoID, fk_maquinaID, tipoManutencao, dataProgramada, responsavel) values (17, 4, 17, 'detectiva', '2023-03-07', 8);
insert into manutencoesProgramadas (pk_manutencaoID, fk_equipamentoID, fk_maquinaID, tipoManutencao, dataProgramada, responsavel) values (18, 4, 18, 'preditiva', '2023-01-12', 18);
insert into manutencoesProgramadas (pk_manutencaoID, fk_equipamentoID, fk_maquinaID, tipoManutencao, dataProgramada, responsavel) values (19, 4, 19, 'detectiva', '2023-09-09', 15);
insert into manutencoesProgramadas (pk_manutencaoID, fk_equipamentoID, fk_maquinaID, tipoManutencao, dataProgramada, responsavel) values (20, 5, 20, 'preditiva', '2023-11-29', 1);
insert into manutencoesProgramadas (pk_manutencaoID, fk_equipamentoID, fk_maquinaID, tipoManutencao, dataProgramada, responsavel) values (21, 5, 21, 'detectiva', '2023-11-10', 5);
insert into manutencoesProgramadas (pk_manutencaoID, fk_equipamentoID, fk_maquinaID, tipoManutencao, dataProgramada, responsavel) values (22, 5, 22, 'detectiva', '2023-11-27', 8);
insert into manutencoesProgramadas (pk_manutencaoID, fk_equipamentoID, fk_maquinaID, tipoManutencao, dataProgramada, responsavel) values (23, 2, 23, 'corretiva', '2023-05-11', 1);
insert into manutencoesProgramadas (pk_manutencaoID, fk_equipamentoID, fk_maquinaID, tipoManutencao, dataProgramada, responsavel) values (24, 4, 24, 'proativa.', '2023-12-04', 13);
insert into manutencoesProgramadas (pk_manutencaoID, fk_equipamentoID, fk_maquinaID, tipoManutencao, dataProgramada, responsavel) values (25, 1, 25, 'proativa.', '2023-06-26', 8);
insert into manutencoesProgramadas (pk_manutencaoID, fk_equipamentoID, fk_maquinaID, tipoManutencao, dataProgramada, responsavel) values (26, 5, 26, 'detectiva', '2023-05-11', 17);
insert into manutencoesProgramadas (pk_manutencaoID, fk_equipamentoID, fk_maquinaID, tipoManutencao, dataProgramada, responsavel) values (27, 2, 27, 'preditiva', '2023-03-29', 7);
insert into manutencoesProgramadas (pk_manutencaoID, fk_equipamentoID, fk_maquinaID, tipoManutencao, dataProgramada, responsavel) values (28, 1, 28, 'detectiva', '2023-08-29', 5);
insert into manutencoesProgramadas (pk_manutencaoID, fk_equipamentoID, fk_maquinaID, tipoManutencao, dataProgramada, responsavel) values (29, 1, 29, 'detectiva', '2022-12-24', 18);
insert into manutencoesProgramadas (pk_manutencaoID, fk_equipamentoID, fk_maquinaID, tipoManutencao, dataProgramada, responsavel) values (30, 5, 30, 'preventiva', '2023-03-21', 11);
insert into manutencoesProgramadas (pk_manutencaoID, fk_equipamentoID, fk_maquinaID, tipoManutencao, dataProgramada, responsavel) values (31, 5, 31, 'proativa.', '2023-05-30', 4);
insert into manutencoesProgramadas (pk_manutencaoID, fk_equipamentoID, fk_maquinaID, tipoManutencao, dataProgramada, responsavel) values (32, 4, 32, 'detectiva', '2023-06-24', 5);
insert into manutencoesProgramadas (pk_manutencaoID, fk_equipamentoID, fk_maquinaID, tipoManutencao, dataProgramada, responsavel) values (33, 2, 33, 'preditiva', '2023-05-26', 7);
insert into manutencoesProgramadas (pk_manutencaoID, fk_equipamentoID, fk_maquinaID, tipoManutencao, dataProgramada, responsavel) values (34, 3, 34, 'proativa.', '2023-06-20', 3);
insert into manutencoesProgramadas (pk_manutencaoID, fk_equipamentoID, fk_maquinaID, tipoManutencao, dataProgramada, responsavel) values (35, 5, 35, 'detectiva', '2023-07-02', 6);
insert into manutencoesProgramadas (pk_manutencaoID, fk_equipamentoID, fk_maquinaID, tipoManutencao, dataProgramada, responsavel) values (36, 1, 36, 'preventiva', '2023-06-06', 1);
insert into manutencoesProgramadas (pk_manutencaoID, fk_equipamentoID, fk_maquinaID, tipoManutencao, dataProgramada, responsavel) values (37, 2, 37, 'detectiva', '2023-07-28', 17);
insert into manutencoesProgramadas (pk_manutencaoID, fk_equipamentoID, fk_maquinaID, tipoManutencao, dataProgramada, responsavel) values (38, 2, 38, 'preditiva', '2023-10-14', 16);
insert into manutencoesProgramadas (pk_manutencaoID, fk_equipamentoID, fk_maquinaID, tipoManutencao, dataProgramada, responsavel) values (39, 4, 39, 'preventiva', '2022-12-28', 2);
insert into manutencoesProgramadas (pk_manutencaoID, fk_equipamentoID, fk_maquinaID, tipoManutencao, dataProgramada, responsavel) values (40, 2, 40, 'proativa.', '2023-10-08', 17);
insert into manutencoesProgramadas (pk_manutencaoID, fk_equipamentoID, fk_maquinaID, tipoManutencao, dataProgramada, responsavel) values (41, 3, 41, 'corretiva', '2023-07-27', 12);
insert into manutencoesProgramadas (pk_manutencaoID, fk_equipamentoID, fk_maquinaID, tipoManutencao, dataProgramada, responsavel) values (42, 3, 42, 'detectiva', '2022-12-04', 7);
insert into manutencoesProgramadas (pk_manutencaoID, fk_equipamentoID, fk_maquinaID, tipoManutencao, dataProgramada, responsavel) values (43, 1, 43, 'preditiva', '2023-12-29', 16);
insert into manutencoesProgramadas (pk_manutencaoID, fk_equipamentoID, fk_maquinaID, tipoManutencao, dataProgramada, responsavel) values (44, 4, 44, 'preventiva', '2023-02-13', 8);
insert into manutencoesProgramadas (pk_manutencaoID, fk_equipamentoID, fk_maquinaID, tipoManutencao, dataProgramada, responsavel) values (45, 5, 45, 'preventiva', '2023-09-30', 11);
insert into manutencoesProgramadas (pk_manutencaoID, fk_equipamentoID, fk_maquinaID, tipoManutencao, dataProgramada, responsavel) values (46, 2, 46, 'proativa.', '2023-05-04', 7);
insert into manutencoesProgramadas (pk_manutencaoID, fk_equipamentoID, fk_maquinaID, tipoManutencao, dataProgramada, responsavel) values (47, 4, 47, 'proativa.', '2023-10-12', 13);
insert into manutencoesProgramadas (pk_manutencaoID, fk_equipamentoID, fk_maquinaID, tipoManutencao, dataProgramada, responsavel) values (48, 3, 48, 'detectiva', '2023-01-07', 9);
insert into manutencoesProgramadas (pk_manutencaoID, fk_equipamentoID, fk_maquinaID, tipoManutencao, dataProgramada, responsavel) values (49, 1, 49, 'detectiva', '2023-07-24', 15);
insert into manutencoesProgramadas (pk_manutencaoID, fk_equipamentoID, fk_maquinaID, tipoManutencao, dataProgramada, responsavel) values (50, 5, 50, 'corretiva', '2023-10-23', 17);


-- INSERTS de historicoManutencao

insert into historicoManutencao (historicoID, fk_equipamentoID, manutencaoRealizada, dataManutencao, custos) values (1, 2, 'preventiva', '2024-03-28', 3481.97);
insert into historicoManutencao (historicoID, fk_equipamentoID, manutencaoRealizada, dataManutencao, custos) values (2, 2, 'preventiva', '2023-11-24', 2545.72);
insert into historicoManutencao (historicoID, fk_equipamentoID, manutencaoRealizada, dataManutencao, custos) values (3, 1, 'corretiva', '2023-02-23', 6021.12);
insert into historicoManutencao (historicoID, fk_equipamentoID, manutencaoRealizada, dataManutencao, custos) values (4, 2, 'preditiva', '2023-03-07', 5409.7);
insert into historicoManutencao (historicoID, fk_equipamentoID, manutencaoRealizada, dataManutencao, custos) values (5, 4, 'corretiva', '2023-09-12', 4501.57);
insert into historicoManutencao (historicoID, fk_equipamentoID, manutencaoRealizada, dataManutencao, custos) values (6, 2, 'proativa.', '2024-02-15', 3854.65);
insert into historicoManutencao (historicoID, fk_equipamentoID, manutencaoRealizada, dataManutencao, custos) values (7, 5, 'preditiva', '2024-02-11', 9874.75);
insert into historicoManutencao (historicoID, fk_equipamentoID, manutencaoRealizada, dataManutencao, custos) values (8, 2, 'preditiva', '2023-02-17', 8645.17);
insert into historicoManutencao (historicoID, fk_equipamentoID, manutencaoRealizada, dataManutencao, custos) values (9, 4, 'corretiva', '2023-11-01', 4709.89);
insert into historicoManutencao (historicoID, fk_equipamentoID, manutencaoRealizada, dataManutencao, custos) values (10, 3, 'preventiva', '2023-01-15', 8754.6);
insert into historicoManutencao (historicoID, fk_equipamentoID, manutencaoRealizada, dataManutencao, custos) values (11, 5, 'preditiva', '2023-03-17', 3605.95);
insert into historicoManutencao (historicoID, fk_equipamentoID, manutencaoRealizada, dataManutencao, custos) values (12, 4, 'detectiva', '2024-02-17', 5674.78);
insert into historicoManutencao (historicoID, fk_equipamentoID, manutencaoRealizada, dataManutencao, custos) values (13, 1, 'detectiva', '2023-08-04', 8637.33);
insert into historicoManutencao (historicoID, fk_equipamentoID, manutencaoRealizada, dataManutencao, custos) values (14, 5, 'corretiva', '2023-01-19', 6142.37);
insert into historicoManutencao (historicoID, fk_equipamentoID, manutencaoRealizada, dataManutencao, custos) values (15, 1, 'detectiva', '2023-07-26', 6312.98);
insert into historicoManutencao (historicoID, fk_equipamentoID, manutencaoRealizada, dataManutencao, custos) values (16, 1, 'proativa.', '2023-02-19', 6828.2);
insert into historicoManutencao (historicoID, fk_equipamentoID, manutencaoRealizada, dataManutencao, custos) values (17, 4, 'preditiva', '2023-12-22', 9061.73);
insert into historicoManutencao (historicoID, fk_equipamentoID, manutencaoRealizada, dataManutencao, custos) values (18, 4, 'detectiva', '2024-02-12', 3757.46);
insert into historicoManutencao (historicoID, fk_equipamentoID, manutencaoRealizada, dataManutencao, custos) values (19, 2, 'detectiva', '2023-03-25', 9798.6);
insert into historicoManutencao (historicoID, fk_equipamentoID, manutencaoRealizada, dataManutencao, custos) values (20, 2, 'detectiva', '2024-03-01', 4188.88);
insert into historicoManutencao (historicoID, fk_equipamentoID, manutencaoRealizada, dataManutencao, custos) values (21, 2, 'preventiva', '2023-10-12', 5914.85);
insert into historicoManutencao (historicoID, fk_equipamentoID, manutencaoRealizada, dataManutencao, custos) values (22, 4, 'preventiva', '2023-02-27', 9275.26);
insert into historicoManutencao (historicoID, fk_equipamentoID, manutencaoRealizada, dataManutencao, custos) values (23, 5, 'proativa.', '2023-01-06', 7529.7);
insert into historicoManutencao (historicoID, fk_equipamentoID, manutencaoRealizada, dataManutencao, custos) values (24, 4, 'corretiva', '2023-06-08', 6479.85);
insert into historicoManutencao (historicoID, fk_equipamentoID, manutencaoRealizada, dataManutencao, custos) values (25, 4, 'detectiva', '2024-03-07', 6163.8);
insert into historicoManutencao (historicoID, fk_equipamentoID, manutencaoRealizada, dataManutencao, custos) values (26, 3, 'preventiva', '2023-03-30', 2436.12);
insert into historicoManutencao (historicoID, fk_equipamentoID, manutencaoRealizada, dataManutencao, custos) values (27, 1, 'detectiva', '2023-03-23', 4772.03);
insert into historicoManutencao (historicoID, fk_equipamentoID, manutencaoRealizada, dataManutencao, custos) values (28, 5, 'preventiva', '2023-08-20', 8486.05);
insert into historicoManutencao (historicoID, fk_equipamentoID, manutencaoRealizada, dataManutencao, custos) values (29, 4, 'preditiva', '2023-08-22', 4867.82);
insert into historicoManutencao (historicoID, fk_equipamentoID, manutencaoRealizada, dataManutencao, custos) values (30, 5, 'proativa.', '2023-09-20', 1219.33);
insert into historicoManutencao (historicoID, fk_equipamentoID, manutencaoRealizada, dataManutencao, custos) values (31, 5, 'preditiva', '2023-09-13', 3161.0);
insert into historicoManutencao (historicoID, fk_equipamentoID, manutencaoRealizada, dataManutencao, custos) values (32, 4, 'preditiva', '2023-06-17', 8528.59);
insert into historicoManutencao (historicoID, fk_equipamentoID, manutencaoRealizada, dataManutencao, custos) values (33, 3, 'preditiva', '2023-08-30', 9277.0);
insert into historicoManutencao (historicoID, fk_equipamentoID, manutencaoRealizada, dataManutencao, custos) values (34, 1, 'preditiva', '2023-11-22', 1300.3);
insert into historicoManutencao (historicoID, fk_equipamentoID, manutencaoRealizada, dataManutencao, custos) values (35, 5, 'detectiva', '2023-01-27', 3065.99);
insert into historicoManutencao (historicoID, fk_equipamentoID, manutencaoRealizada, dataManutencao, custos) values (36, 1, 'proativa.', '2023-12-15', 2920.91);
insert into historicoManutencao (historicoID, fk_equipamentoID, manutencaoRealizada, dataManutencao, custos) values (37, 4, 'proativa.', '2023-11-19', 5233.89);
insert into historicoManutencao (historicoID, fk_equipamentoID, manutencaoRealizada, dataManutencao, custos) values (38, 5, 'preditiva', '2023-08-01', 1778.75);
insert into historicoManutencao (historicoID, fk_equipamentoID, manutencaoRealizada, dataManutencao, custos) values (39, 5, 'corretiva', '2023-08-13', 1461.0);
insert into historicoManutencao (historicoID, fk_equipamentoID, manutencaoRealizada, dataManutencao, custos) values (40, 4, 'detectiva', '2023-12-29', 4295.34);
insert into historicoManutencao (historicoID, fk_equipamentoID, manutencaoRealizada, dataManutencao, custos) values (41, 3, 'detectiva', '2023-07-01', 8183.15);
insert into historicoManutencao (historicoID, fk_equipamentoID, manutencaoRealizada, dataManutencao, custos) values (42, 2, 'preventiva', '2023-05-12', 859.44);
insert into historicoManutencao (historicoID, fk_equipamentoID, manutencaoRealizada, dataManutencao, custos) values (43, 1, 'proativa.', '2023-03-05', 4578.08);
insert into historicoManutencao (historicoID, fk_equipamentoID, manutencaoRealizada, dataManutencao, custos) values (44, 4, 'preventiva', '2023-10-19', 7622.65);
insert into historicoManutencao (historicoID, fk_equipamentoID, manutencaoRealizada, dataManutencao, custos) values (45, 3, 'preventiva', '2023-05-01', 7662.84);
insert into historicoManutencao (historicoID, fk_equipamentoID, manutencaoRealizada, dataManutencao, custos) values (46, 3, 'proativa.', '2023-07-01', 3361.03);
insert into historicoManutencao (historicoID, fk_equipamentoID, manutencaoRealizada, dataManutencao, custos) values (47, 3, 'proativa.', '2023-10-31', 2417.88);
insert into historicoManutencao (historicoID, fk_equipamentoID, manutencaoRealizada, dataManutencao, custos) values (48, 4, 'corretiva', '2023-05-15', 7539.41);
insert into historicoManutencao (historicoID, fk_equipamentoID, manutencaoRealizada, dataManutencao, custos) values (49, 2, 'preditiva', '2023-06-26', 5788.29);
insert into historicoManutencao (historicoID, fk_equipamentoID, manutencaoRealizada, dataManutencao, custos) values (50, 3, 'corretiva', '2023-01-29', 9234.67);

-- INSERTS de historicoDeProducao

insert into historicoDeProducao (ordemID, operadorID, maquinaID, dataProducao) values (1, 13, 84, '2024-01-14');
insert into historicoDeProducao (ordemID, operadorID, maquinaID, dataProducao) values (2, 7, 64, '2023-11-21');
insert into historicoDeProducao (ordemID, operadorID, maquinaID, dataProducao) values (3, 4, 15, '2024-02-26');
insert into historicoDeProducao (ordemID, operadorID, maquinaID, dataProducao) values (4, 1, 13, '2023-05-06');
insert into historicoDeProducao (ordemID, operadorID, maquinaID, dataProducao) values (5, 3, 28, '2023-03-24');
insert into historicoDeProducao (ordemID, operadorID, maquinaID, dataProducao) values (6, 10, 46, '2023-03-29');
insert into historicoDeProducao (ordemID, operadorID, maquinaID, dataProducao) values (7, 5, 89, '2023-08-02');
insert into historicoDeProducao (ordemID, operadorID, maquinaID, dataProducao) values (8, 8, 98, '2023-11-17');
insert into historicoDeProducao (ordemID, operadorID, maquinaID, dataProducao) values (9, 8, 93, '2024-02-11');
insert into historicoDeProducao (ordemID, operadorID, maquinaID, dataProducao) values (10, 7, 81, '2023-11-10');
insert into historicoDeProducao (ordemID, operadorID, maquinaID, dataProducao) values (11, 14, 89, '2024-02-13');
insert into historicoDeProducao (ordemID, operadorID, maquinaID, dataProducao) values (12, 15, 54, '2023-08-08');
insert into historicoDeProducao (ordemID, operadorID, maquinaID, dataProducao) values (13, 7, 42, '2024-02-08');
insert into historicoDeProducao (ordemID, operadorID, maquinaID, dataProducao) values (14, 14, 57, '2023-11-04');
insert into historicoDeProducao (ordemID, operadorID, maquinaID, dataProducao) values (15, 9, 54, '2024-02-08');
insert into historicoDeProducao (ordemID, operadorID, maquinaID, dataProducao) values (16, 6, 55, '2023-07-31');
insert into historicoDeProducao (ordemID, operadorID, maquinaID, dataProducao) values (17, 10, 67, '2023-03-25');
insert into historicoDeProducao (ordemID, operadorID, maquinaID, dataProducao) values (18, 2, 9, '2023-09-21');
insert into historicoDeProducao (ordemID, operadorID, maquinaID, dataProducao) values (19, 19, 92, '2023-06-19');
insert into historicoDeProducao (ordemID, operadorID, maquinaID, dataProducao) values (20, 5, 88, '2024-03-12');
insert into historicoDeProducao (ordemID, operadorID, maquinaID, dataProducao) values (21, 20, 75, '2023-08-20');
insert into historicoDeProducao (ordemID, operadorID, maquinaID, dataProducao) values (22, 14, 95, '2023-06-28');
insert into historicoDeProducao (ordemID, operadorID, maquinaID, dataProducao) values (23, 14, 19, '2024-03-23');
insert into historicoDeProducao (ordemID, operadorID, maquinaID, dataProducao) values (24, 17, 40, '2023-08-20');
insert into historicoDeProducao (ordemID, operadorID, maquinaID, dataProducao) values (25, 9, 57, '2023-11-08');
insert into historicoDeProducao (ordemID, operadorID, maquinaID, dataProducao) values (26, 5, 27, '2023-06-09');
insert into historicoDeProducao (ordemID, operadorID, maquinaID, dataProducao) values (27, 8, 19, '2023-07-28');
insert into historicoDeProducao (ordemID, operadorID, maquinaID, dataProducao) values (28, 12, 33, '2023-05-01');
insert into historicoDeProducao (ordemID, operadorID, maquinaID, dataProducao) values (29, 11, 38, '2023-05-03');
insert into historicoDeProducao (ordemID, operadorID, maquinaID, dataProducao) values (30, 19, 84, '2023-11-17');
insert into historicoDeProducao (ordemID, operadorID, maquinaID, dataProducao) values (31, 11, 71, '2023-06-03');
insert into historicoDeProducao (ordemID, operadorID, maquinaID, dataProducao) values (32, 2, 14, '2023-08-19');
insert into historicoDeProducao (ordemID, operadorID, maquinaID, dataProducao) values (33, 1, 85, '2023-12-12');
insert into historicoDeProducao (ordemID, operadorID, maquinaID, dataProducao) values (34, 18, 13, '2023-12-08');
insert into historicoDeProducao (ordemID, operadorID, maquinaID, dataProducao) values (35, 1, 36, '2023-05-15');
insert into historicoDeProducao (ordemID, operadorID, maquinaID, dataProducao) values (36, 12, 19, '2023-07-11');
insert into historicoDeProducao (ordemID, operadorID, maquinaID, dataProducao) values (37, 12, 35, '2024-02-13');
insert into historicoDeProducao (ordemID, operadorID, maquinaID, dataProducao) values (38, 18, 24, '2023-03-28');
insert into historicoDeProducao (ordemID, operadorID, maquinaID, dataProducao) values (39, 18, 13, '2023-10-24');
insert into historicoDeProducao (ordemID, operadorID, maquinaID, dataProducao) values (40, 15, 70, '2024-02-04');
insert into historicoDeProducao (ordemID, operadorID, maquinaID, dataProducao) values (41, 7, 37, '2023-03-16');
insert into historicoDeProducao (ordemID, operadorID, maquinaID, dataProducao) values (42, 11, 51, '2023-09-21');
insert into historicoDeProducao (ordemID, operadorID, maquinaID, dataProducao) values (43, 3, 84, '2023-07-17');
insert into historicoDeProducao (ordemID, operadorID, maquinaID, dataProducao) values (44, 9, 80, '2023-06-19');
insert into historicoDeProducao (ordemID, operadorID, maquinaID, dataProducao) values (45, 10, 94, '2023-03-25');
insert into historicoDeProducao (ordemID, operadorID, maquinaID, dataProducao) values (46, 18, 97, '2024-03-02');
insert into historicoDeProducao (ordemID, operadorID, maquinaID, dataProducao) values (47, 13, 59, '2023-09-29');
insert into historicoDeProducao (ordemID, operadorID, maquinaID, dataProducao) values (48, 10, 34, '2024-02-05');
insert into historicoDeProducao (ordemID, operadorID, maquinaID, dataProducao) values (49, 17, 73, '2024-02-15');
insert into historicoDeProducao (ordemID, operadorID, maquinaID, dataProducao) values (50, 11, 46, '2023-12-12');
